Year,Rank,Song,Artist,track_id,danceability,energy,speechiness,loudness,temp,valence
2015,1,Uptown Funk,Mark Ronson ,32OlwWuMpZ6b0aN2RZOeMS,0.856,0.609,0.0824,-7.223,114.988,0.928
2015,2,Thinking Out Loud,Ed Sheeran,34gCuhDGsG4bRPIf9bb02f,0.781,0.445,0.0295,-6.061,78.998,0.591
2015,3,See You Again,Wiz Khalifa ,2JzZzZUQj3Qff7wapcbKjc,0.689,0.481,0.0815,-7.503,80.025,0.283
2015,4,Trap Queen,Fetty Wap,2d8JP84HNLKhmd6IYOoupQ,0.746,0.873,0.128,-3.803,148.075,0.817
2015,5,Sugar,Maroon 5,2iuZJX9X9P0GKaE93xcPjk,0.748,0.788,0.0334,-7.055,120.076,0.884
2015,6,Shut Up and Dance,Walk the Moon,4kbj5MwxO1bq9wjT5g9HaA,0.578,0.866,0.0619,-3.804,128.038,0.619
2015,7,Blank Space,Taylor Swift,1p80LdxRV74UKvL8gnD7ky,0.753,0.678,0.0644,-5.421,96.006,0.583
2015,8,Watch Me,Silentó,5RIVoVdkDLEygELLCniZFr,0.821,0.759,0.121,-8.541,140.01,0.962
2015,9,Earned It,The Weeknd,4frLb7nWtsz2ymBE6k2GRP,0.657,0.291,0.0348,-8.275,119.782,0.405
2015,10,The Hills,The Weeknd,7fBv7CLKzipRk6EC6TWHOB,0.585,0.564,0.0515,-7.063,113.003,0.137
2015,11,Cheerleader (Felix Jaehn Remix),OMI,023OVLNzXhX0j7CxswUt6D,0.78,0.68,0.0305,-6.081,118.026,0.594
2015,12,Can't Feel My Face,The Weeknd,0HehvJvcNHzqCronH48ZLQ,0.611,0.685,0.053,-6.188,108.002,0.28
2015,13,Love Me Like You Do,Ellie Goulding,0Cy7wt6IlRfBPHXXjmZbcP,0.489,0.597,0.0292,-6.633,95.013,0.323
2015,14,Take Me to Church,Hozier,1CS7Sd1u5tWkstBhpssyjP,0.566,0.664,0.0464,-5.303,128.945,0.437
2015,15,Bad Blood,Taylor Swift ,273dCMFseLcVsoSWx59IoE,0.65,0.802,0.181,-6.114,170.146,0.295
2015,16,Lean On,Major Lazer ,01aTsQoKoeXofSTvKuunzv,0.723,0.809,0.0625,-3.081,98.007,0.274
2015,17,Want to Want Me,Jason Derulo,7oGZAicScQt96OAW4AruYy,0.775,0.68,0.0629,-5.508,114.025,0.656
2015,18,Shake It Off,Taylor Swift,5xTtaWoae3wi06K5WfVUUH,0.647,0.785,0.165,-5.414,160.015,0.943
2015,19,Where Are Ü Now,Skrillex ,1CjiAOoegmUDgbhKzAqSkl,0.451,0.876,0.0362,-5.378,139.908,0.353
2015,20,Fight Song,Rachel Platten,37f4ITSlgPX81ad2EvmVQr,0.564,0.714,0.129,-4.987,175.924,0.33
2015,21,679,Fetty Wap ,5NQbUaeTEOGdD6hHcre0dZ,0.618,0.717,0.318,-5.738,190.05,0.603
2015,22,Lips Are Movin,Meghan Trainor,6gj08XDlv9Duc2fPOxUmVD,0.775,0.825,0.0464,-5.402,139.091,0.95
2015,23,Worth It,Fifth Harmony ,41Fflg7qHiVOD6dEPvsCzO,0.884,0.765,0.0882,-3.865,99.987,0.594
2015,24,Post to Be,Omarion ,0fgZUSa7D7aVvv3GfO0A1n,0.733,0.676,0.0432,-5.655,97.448,0.701
2015,25,"Honey, I'm Good.",Andy Grammer,4Tt6GiWS2V9sQjZjS2xjp2,0.754,0.802,0.0551,-6.424,122.026,0.583
2015,26,I'm Not the Only One,Sam Smith,5RYtz3cpYb28SV8f1FBtGc,0.715,0.518,0.0459,-7.108,82.076,0.556
2015,27,Good for You,Selena Gomez ,578Eooad7oUyn4stovZiPg,0.609,0.674,0.0502,-6.484,88.945,0.228
2015,28,All About That Bass,Meghan Trainor,5jE48hhRu8E6zBDPRSkEq7,0.807,0.887,0.0503,-3.726,134.052,0.961
2015,29,Style,Taylor Swift,4lIxdJw6W3Fg4vUIYCB0S5,0.598,0.786,0.0383,-5.572,95.019,0.456
2015,30,Hotline Bling,Drake,0wwPcA6wtMf6HUMpIRdeP7,0.891,0.628,0.0551,-7.863,134.966,0.552
2015,31,Hey Mama,David Guetta ,5b2bu6yyATC1zMXDGScJ2d,0.596,0.73,0.151,-4.091,85.979,0.525
2015,32,G.D.F.R.,Flo Rida ,0AjTlkLRzTLP3SWftMzj3F,0.649,0.75,0.0615,-5.542,127.958,0.595
2015,33,What Do You Mean?,Justin Bieber,4B0JvthVoAAuygILe3n4Bs,0.845,0.567,0.0956,-8.118,125.02,0.793
2015,34,Photograph,Ed Sheeran,1HNkqx9Ahdgi1Ixy2xkKkL,0.614,0.379,0.0476,-10.48,107.989,0.201
2015,35,Hello,Adele,62PaSfnXSMyLshYJrlTuL3,0.578,0.43,0.0305,-6.134,78.991,0.288
2015,36,Stitches,Shawn Mendes,5jsw9uXEGuKyJzs0boZ1bT,0.752,0.754,0.0615,-6.684,149.789,0.755
2015,37,Talking Body,Tove Lo,2tpfxAXiI52znho4WE3XFA,0.736,0.761,0.0338,-5.449,119.999,0.114
2015,38,Jealous,Nick Jonas,2RqtfcLB7iOZj0zYB8Auhu,0.7,0.701,0.16,-3.834,93.003,0.38
2015,39,Time of Our Lives,Pitbull ,2bJvI42r8EF3wxjOuDav4r,0.721,0.802,0.0583,-5.797,124.022,0.724
2015,40,Locked Away,R. City ,7x5xYW5W42OGPAdHUyyguy,0.509,0.671,0.0678,-5.709,118.413,0.55
2015,41,Somebody,Natalie La Rose,7ioiB40H9xKs04QtIso2I3,0.83,0.52,0.0376,-8.714,104.99,0.735
2015,42,FourFiveSeconds,Rihanna,78TTtXnFQPzwqlbtbwqN0y,0.582,0.272,0.0501,-5.662,205.846,0.354
2015,43,Centuries,Fall Out Boy,04aAxqtGp5pv12UXAg4pkq,0.393,0.858,0.0729,-2.868,176.042,0.56
2015,44,My Way,Fetty Wap,1WoOzgvz6CgH4pX6a1RKGp,0.748,0.741,0.0531,-3.103,128.077,0.537
2015,45,Take Your Time,Sam Hunt,6DEaND0SHv3sC11xobZLiy,0.558,0.719,0.0419,-5.603,158.031,0.483
2015,46,Animals,Maroon 5,2bL2gyO6kBdLkNSkxXNh6x,0.279,0.742,0.0898,-6.46,189.868,0.328
2015,47,I Don't Fuck with You,Big Sean ,7FYH5AW3bVfZHJIQpq3UOA,0.824,0.733,0.0614,-5.474,97.971,0.395
2015,48,Bitch Better Have My Money,Rihanna,0NTMtAO2BV4tnGvw9EgBVq,0.781,0.728,0.0621,-4.981,102.99,0.395
2015,49,"Flex (Ooh, Ooh, Ooh)",Rich Homie Quan,4T0ScSPdQKmGvruK7pavNP,0.726,0.607,0.0498,-7.68,81.997,0.891
2015,50,Nasty Freestyle,T-Wayne,0PT7nlpo11hYYyfnBgtilT,0.779,0.472,0.218,-7.116,135.051,0.412
2015,51,Only,Nicki Minaj ,4MRT0dDbhqFKl67WzhUbSw,0.573,0.495,0.592,-7.245,179.369,0.255
2015,52,Elastic Heart,Sia,5S9lfZu1YF8xKkgSsqL2Bd,0.421,0.791,0.0496,-4.998,130.075,0.499
2015,53,Cool for the Summer,Demi Lovato,3uwnnTQcHM1rDqSfA4gQNz,0.583,0.61,0.0382,-5.639,114.06,0.336
2015,54,Renegades,X Ambassadors,0fYVliAYKHuPmECRs1pbRf,0.526,0.862,0.0905,-6.003,90.052,0.528
2015,55,I Don't Mind,Usher,7aXuop4Qambx5Oi3ynsKQr,0.87,0.464,0.178,-8.337,112.974,0.457
2015,56,Love Me Harder,Ariana Grande ,5J4ZkQpzMUFojo1CtAZYpn,0.486,0.712,0.0328,-4.388,99.128,0.244
2015,57,Wildest Dreams,Taylor Swift,59HjlYCeBsxdI0fcm3zglw,0.554,0.666,0.0747,-7.414,140.056,0.472
2015,58,Stay with Me,Sam Smith,5Nm9ERjJZ5oyfXZTECKmRt,0.413,0.42,0.0416,-6.444,84.126,0.185
2015,59,You Know You Like It,DJ Snake ,57kR5SniQIbsbVoIjjOUDa,0.407,0.725,0.188,-5.346,196.093,0.247
2015,60,Uma Thurman,Fall Out Boy,5PUawWFG1oIS2NwEcyHaCr,0.623,0.961,0.0869,-2.616,149.963,0.668
2015,61,11-Jul,Beyoncé,02M6vucOvmRfMxTXDUwRXu,0.747,0.705,0.126,-5.137,136.024,0.56
2015,62,The Heart Wants What It Wants,Selena Gomez,6wJwkMo278iWVlWl1XQ4WA,0.616,0.789,0.0377,-4.874,83.066,0.621
2015,63,Girl Crush,Little Big Town,11qh54D0PKkBwelpDxxiEU,0.498,0.225,0.0302,-10.22,173.787,0.355
2015,64,Slow Motion,Trey Songz,4NYwy0R3NdvORX2B6OZXBT,0.733,0.408,0.0388,-7.834,94.947,0.291
2015,65,Drag Me Down,One Direction,2K87XMYnUMqLcX3zvtAF4G,0.731,0.703,0.0368,-5.672,138.111,0.595
2015,66,Truffle Butter,Nicki Minaj,7e44z4wOjkllaD8eulUeMd,0.89,0.667,0.0521,-6.862,105.103,0.522
2015,67,One Last Time,Ariana Grande,7xoUc6faLbCqZO6fQEYprd,0.628,0.593,0.0323,-5.036,125.025,0.104
2015,68,Chains,Nick Jonas,5Eg4TsPcqNbIjd8ADMZosg,0.591,0.611,0.0454,-5.884,76.003,0.12
2015,69,All Eyes on You,Meek Mill ,0hy1SOTEn9ifXTzOwnCwEr,0.589,0.658,0.203,-5.288,77.521,0.251
2015,70,No Type,Rae Sremmurd,4scpF6J5uMBvoh6sFB7EL1,0.888,0.486,0.16,-7.803,125.079,0.232
2015,71,Riptide,Vance Joy,3JvrhDOgAt6p7K8mDyZwRd,0.484,0.731,0.0379,-6.694,101.654,0.51
2015,72,Classic Man,Jidenna,3G7XYAwtxtoGK7fAm4IlD9,0.79,0.585,0.0348,-6.058,94.072,0.585
2015,73,Ex's & Oh's,Elle King,70eDxAyAraNTiD6lx2ZEnH,0.612,0.921,0.085,-2.882,139.988,0.446
2015,74,Dear Future Husband,Meghan Trainor,3cU2wBxuV6nFiuf6PJZNlC,0.655,0.782,0.185,-4.789,79.427,0.832
2015,75,Marvin Gaye,Charlie Puth ,7rl1z4j7MurMDnn9rHh4M2,0.795,0.616,0.06,-5.281,110.015,0.815
2015,76,Like I'm Gonna Lose You,Meghan Trainor ,2YlZnw2ikdb837oKMKjBkW,0.63,0.53,0.0434,-7.259,108.038,0.417
2015,77,Habits (Stay High),Tove Lo,14OxJlLdcHNpgsm4DRwDOB,0.729,0.65,0.0313,-3.539,110.02,0.347
2015,78,The Hanging Tree,James Newton Howard ,416MsJxvxSKY96DCmbJIRs,0.213,0.0743,0.0408,-18.071,53.863,0.145
2015,79,CoCo,O.T. Genasis,2JI71GHwq2LN8mtq3iCLYo,0.886,0.628,0.131,-5.949,119.906,0.178
2015,80,Bang Bang,Jessie J,0puf9yIluy9W0vpMEUoAnN,0.706,0.786,0.091,-3.417,150.028,0.751
2015,81,Lay Me Down,Sam Smith,74sb4Gib0cL3TQeCjYF8vh,0.418,0.332,0.0492,-9.482,119.164,0.171
2015,82,Tuesday,ILoveMakonnen ,35rSpXB5bk9ega9jsjcRts,0.773,0.664,0.211,-5.603,140.161,0.472
2015,83,Hit the Quan,iLoveMemphis,4OjuzM3rTWp3q60mEldNSF,0.741,0.488,0.362,-8.253,160.018,0.625
2015,84,Downtown,Macklemore & Ryan Lewis,5pfJsMwoRYKampPay8amX0,0.828,0.609,0.0694,-4.402,109.725,0.707
2015,85,House Party,Sam Hunt,1TwLKNsCnhi1HxbIi4bAW0,0.747,0.861,0.0514,-5.251,103.966,0.859
2015,86,Ayo,Chris Brown,0k6DnZMLoEUH8NGD5zh2SE,0.823,0.563,0.0443,-5.095,98.031,0.682
2015,87,Kick the Dust Up,Luke Bryan,5g15o2Sm55Hn9ShK5yEXgp,0.597,0.86,0.0461,-2.315,172.064,0.818
2015,88,Blessings,Big Sean ,1bzM1cd6oqFozdr4wK6HdR,0.79,0.621,0.275,-7.634,118.895,0.15
2015,89,Budapest,George Ezra,2ixsaeFioXJmMgkkbd4uj1,0.717,0.455,0.0276,-8.303,127.812,0.389
2015,90,Chandelier,Sia,2s1sdSqGcKxpPr5lCl7jAV,0.399,0.787,0.0499,-2.88,117.089,0.572
2015,91,Heartbeat Song,Kelly Clarkson,7FC9Lng8iXU081lbigu8m8,0.49,0.798,0.0489,-3.66,149.109,0.479
2015,92,Don't,Ed Sheeran,2GGOQWJo7FGEQojc7baekK,0.506,0.911,0.23,-4.779,105.475,0.781
2015,93,Ghost,Ella Henderson,4z7gh3aIZV9arbL9jJSc5J,0.68,0.84,0.0414,-3.823,104.975,0.468
2015,94,Here,Alessia Cara,5zUQZjVB6bfewBXWqsP9PY,0.376,0.822,0.104,-3.974,120.498,0.327
2015,95,Waves (Robin Schulz Remix),Mr Probz,2HDhsfCmbVjLHYXK32jaCC,0.776,0.475,0.0313,-9.459,119.99,0.415
2015,96,El Perdón,Nicky Jam,7qCAVkHWZkF44OzOUKf8Cr,0.628,0.69,0.0511,-5.83,179.908,0.66
2015,97,She Knows,Ne-Yo ,7seTcUFOhn5caSDbiSfsp0,0.705,0.572,0.0326,-5.799,139.977,0.574
2015,98,Night Changes,One Direction,5O2P9iiztwhomNh8xkR9lJ,0.672,0.52,0.0353,-7.747,120.001,0.37
2015,99,Back to Back,Drake,5lFDtgWsjRJu8fPOAyJIAK,0.893,0.48,0.356,-3.728,86.976,0.382
2015,100,How Deep Is Your Love,Calvin Harris,22mek4IiqubGD9ctzxc69s,0.738,0.868,0.0731,-4.373,122.003,0.336
2016,1,Love Yourself,Justin Bieber,50kpGaPAhYJ3sGmk6vplg0,0.609,0.378,0.438,-9.828,100.43,0.515
2016,2,Sorry,Justin Bieber,09CtPGIpYB4BrO8qb1RGsF,0.655,0.76,0.045,-3.669,99.947,0.409
2016,3,One Dance,Drake,1zi7xx7UVEFkmKfv06H8x0,0.792,0.625,0.0536,-5.609,103.967,0.37
2016,4,Work,Rihanna,72TFWvU3wUYdUuxejTTIzt,0.723,0.534,0.0891,-6.238,91.974,0.551
2016,5,Stressed Out,Twenty One Pilots,3CRDbSIZ4r5MsZ0YwxuEkn,0.734,0.637,0.141,-5.677,169.977,0.648
2016,6,Panda,Desiigner,275a9yzwGB6ncAW4SxY7q3,0.686,0.73,0.412,-5.504,145.251,0.271
2016,7,Hello,Adele,62PaSfnXSMyLshYJrlTuL3,0.578,0.43,0.0305,-6.134,78.991,0.288
2016,8,Don't Let Me Down,The Chainsmokers,0OZjP4XoAOdXPhgSIypwqu,0.723,0.0401,0.0447,-25.259,130.007,0.529
2016,9,Can't Stop the Feeling!,Justin Timberlake,1WkMMavIMc4JZ8cfMmxHkI,0.669,0.832,0.0682,-5.721,113.035,0.7
2016,10,Closer,The Chainsmokers ,7BKLCZ1jbUBVqRi2FVlTVw,0.748,0.524,0.0338,-5.599,95.01,0.661
2016,11,Cheap Thrills,Sia ,3S4px9f4lceWdKf0gWciFu,0.628,0.698,0.105,-5.608,89.976,0.732
2016,12,7 Years,Lukas Graham,5kqIPrATaCc2LqxVWzQGbk,0.765,0.473,0.0514,-5.829,119.992,0.34
2016,13,Needed Me,Rihanna,4pAl7FkDMNBsjykPXo91B3,0.697,0.315,0.234,-8.091,110.872,0.298
2016,14,My House,Flo Rida,6Knv6wdA0luoMUuuoYi2i1,0.688,0.702,0.0499,-4.792,94.006,0.74
2016,15,I Took a Pill in Ibiza,Mike Posner,0vbtURX4qv1l7besfwmnD8,0.664,0.714,0.111,-6.645,101.969,0.71
2016,16,Work from Home,Fifth Harmony ,4tCtwWceOPWzenK2HAIJSb,0.803,0.585,0.0432,-5.861,105.017,0.593
2016,17,This Is What You Came For,Calvin Harris,0azC730Exh71aQlOt9Zj3y,0.631,0.927,0.0332,-2.787,123.962,0.465
2016,18,Cake by the Ocean,DNCE,76hfruVvmfQbw0eYn1nmeC,0.774,0.753,0.0517,-5.446,119.002,0.896
2016,19,"Me, Myself & I",G-Eazy ,40YcuQysJ0KlGQTeGUosTC,0.756,0.674,0.0959,-6.518,111.995,0.389
2016,20,Ride,Twenty One Pilots,2Z8WuEywRWYTKe1NybPQEW,0.645,0.713,0.0393,-5.355,74.989,0.566
2016,21,Heathens,Twenty One Pilots,6i0V12jOa3mr6uu4WYhUBr,0.732,0.396,0.0286,-9.348,90.024,0.548
2016,22,Pillowtalk,Zayn,0PDUDa38GO8lMxLCRc4lL1,0.584,0.7,0.0456,-4.275,124.944,0.438
2016,23,Stitches,Shawn Mendes,5jsw9uXEGuKyJzs0boZ1bT,0.752,0.754,0.0615,-6.684,149.789,0.755
2016,24,Hotline Bling,Drake,0wwPcA6wtMf6HUMpIRdeP7,0.891,0.628,0.0551,-7.863,134.966,0.552
2016,25,Cold Water,Major Lazer ,7zsXy7vlHdItvUSH8EwQss,0.608,0.798,0.0432,-5.092,92.946,0.5
2016,26,Send My Love (To Your New Lover),Adele,0t7fVeEJxO2Xi4H2K5Svc9,0.688,0.533,0.0865,-8.363,164.069,0.567
2016,27,Roses,The Chainsmokers ,3vv9phIu6Y1vX3jcqaGz5Z,0.713,0.802,0.0561,-7.055,100.001,0.343
2016,28,Treat You Better,Shawn Mendes,3QGsuHI8jO1Rx4JWLUh9jd,0.443,0.82,0.34,-4.091,82.697,0.771
2016,29,Too Good,Drake ,3BtuIIrQlkujKPuWF2B85z,0.794,0.653,0.104,-7.839,117.996,0.397
2016,30,Low Life,Future ,7EiZI6JVHllARrX9PUvAdX,0.722,0.331,0.0726,-7.789,143.961,0.102
2016,31,What Do You Mean?,Justin Bieber,4B0JvthVoAAuygILe3n4Bs,0.845,0.567,0.0956,-8.118,125.02,0.793
2016,32,The Hills,The Weeknd,7fBv7CLKzipRk6EC6TWHOB,0.585,0.564,0.0515,-7.063,113.003,0.137
2016,33,Just Like Fire,P!nk,7K5dzhGda2vRTaAWYI3hrb,0.632,0.702,0.148,-5.92,162.958,0.523
2016,34,Broccoli,DRAM ,0qy5D3OJre7SPJNMOL9I71,0.886,0.525,0.132,-7.39,145.99,0.708
2016,35,Don't,Bryson Tiller,0OVhQZkNe7lh0fQeH96EFW,0.88,0.495,0.0695,-3.476,124.024,0.469
2016,36,Dangerous Woman,Ariana Grande,6RUhbFEhrvGISaQ8u2j2JN,0.664,0.602,0.0412,-5.369,134.049,0.289
2016,37,Jumpman,Drake ,27GmP9AWRs744SzKcpJsTZ,0.852,0.553,0.187,-7.286,142.079,0.656
2016,38,"I Hate U, I Love U",Gnash ,7vRriwrloYVaoAe3a9wJHe,0.492,0.275,0.3,-13.4,92.6,0.18
2016,39,Here,Alessia Cara,5zUQZjVB6bfewBXWqsP9PY,0.376,0.822,0.104,-3.974,120.498,0.327
2016,40,Same Old Love,Selena Gomez,1BZG99C7Co1r6QUC3zaS59,0.672,0.593,0.0304,-4.01,98.02,0.438
2016,41,Controlla,Drake,3O8NlPh2LByMU9lSRSHedm,0.59,0.468,0.185,-11.083,92.287,0.349
2016,42,Like I'm Gonna Lose You,Meghan Trainor,2YlZnw2ikdb837oKMKjBkW,0.63,0.53,0.0434,-7.259,108.038,0.417
2016,43,One Call Away,Charlie Puth,7soJgKhQTO8hLP2JPRkL5O,0.667,0.613,0.0344,-5.353,91.024,0.47
2016,44,Let It Go,James Bay,13HVjjWUZFaWilh2QUJKsP,0.536,0.311,0.0288,-10.396,147.486,0.246
2016,45,No,Meghan Trainor,0l0CvurVUrr2w3Jj1hOVFc,0.557,0.803,0.213,-3.599,92.134,0.657
2016,46,Never Forget You,Zara Larsson ,6hmhG1b4LEyNuashVvuIAo,0.583,0.732,0.0459,-5.729,146.005,0.277
2016,47,Let Me Love You,DJ Snake,0lYBSQXN6rCTvUZvg9S0lU,0.475,0.715,0.058,-5.371,199.892,0.159
2016,48,Don't Mind,Kent Jones,27PmvZoffODNFW2p7ehZTQ,0.464,0.771,0.336,-4.503,158.777,0.69
2016,49,H.O.L.Y.,Florida Georgia Line,0BCy325UZyR9z0t0uxwn2N,0.523,0.666,0.0327,-4.081,78.077,0.564
2016,50,We Don't Talk Anymore,Charlie Puth ,37FXw5QGFN7uwwsLy8uAc0,0.728,0.563,0.134,-8.053,100.017,0.352
2016,51,Into You,Ariana Grande,63y6xWR4gXz7bnUGOk8iI6,0.623,0.734,0.107,-5.948,107.853,0.37
2016,52,Gold,Kiiara,7yNX3ZFBWZoR52pbeU4Mcl,0.6,0.412,0.344,-9.343,113.05,0.408
2016,53,Exchange,Bryson Tiller,43PuMrRfbyyuz4QpZ3oAwN,0.525,0.433,0.185,-10.598,160.108,0.276
2016,54,679,Fetty Wap,5NQbUaeTEOGdD6hHcre0dZ,0.618,0.717,0.318,-5.738,190.05,0.603
2016,55,Oui,Jeremih,0PJIbOdMs3bd5AT8liULMQ,0.418,0.724,0.0964,-3.724,78.521,0.604
2016,56,Hands to Myself,Selena Gomez,1LoriJC05IrHIDwj3q0KC1,0.811,0.507,0.117,-7.161,111.016,0.438
2016,57,2 Phones,Kevin Gates,0wdKiSBUT7aZkXUIdJWcwC,0.895,0.681,0.358,-5.267,121.918,0.554
2016,58,Starboy,The Weeknd,7MXVkk9YMctZqd1Srtv4MB,0.679,0.587,0.276,-7.015,186.003,0.486
2016,59,For Free,DJ Khaled ,5TqBAOIBe0bQA0spNdcG3k,0.916,0.571,0.2,-8.241,103.521,0.498
2016,60,Never Be Like You,Flume ,5WI2ltQIdwgzf1SNE76JyR,0.444,0.557,0.0602,-5.476,115.058,0.296
2016,61,In the Night,The Weeknd,25KybV9BOUlvcnv7nN3Pyo,0.505,0.68,0.0714,-4.993,168.022,0.539
2016,62,Me Too,Meghan Trainor,3KwwE4sgCzMaKWq6QBebmX,0.934,0.694,0.101,-5.849,123.831,0.833
2016,63,Ex's & Oh's,Elle King,70eDxAyAraNTiD6lx2ZEnH,0.612,0.921,0.085,-2.882,139.988,0.446
2016,64,Die a Happy Man,Thomas Rhett,5kNe7PE09d6Kvw5pAsx23n,0.595,0.389,0.0349,-9.245,166.049,0.4
2016,65,White Iverson,Post Malone,6eT7xZZlB2mwyzJ2sUKG6w,0.675,0.561,0.0352,-7.678,130.098,0.309
2016,66,Close,Nick Jonas ,3lSDIJ2abCrOdDJ6pshUap,0.654,0.623,0.082,-5.273,123.996,0.401
2016,67,Unsteady,X Ambassadors,7lGKEWMXVWWTt3X71Bv44I,0.389,0.665,0.0644,-6.169,117.055,0.199
2016,68,Sucker for Pain,Lil Wayne,4dASQiO1Eoo3RJvt74FtXB,0.502,0.786,0.317,-4.378,169.021,0.739
2016,69,Down in the DM,Yo Gotti ,5w1vhNA2OEWUQ371QzyMmM,0.791,0.634,0.0639,-7.684,152.961,0.323
2016,70,Luv,Tory Lanez,16Ah4QqH4mgYVXqfC4mdSd,0.542,0.528,0.243,-8.113,190.42,0.253
2016,71,Sorry,Beyoncé,0lnIJmgcUpEpe4AZACjayW,0.775,0.598,0.0535,-7.274,129.988,0.356
2016,72,Can't Feel My Face,The Weeknd,0HehvJvcNHzqCronH48ZLQ,0.611,0.685,0.053,-6.188,108.002,0.28
2016,73,Hymn for the Weekend,Coldplay,3RiPr603aXAoi4GHyXx0uy,0.491,0.693,0.0377,-6.487,90.027,0.412
2016,74,Say It,Tory Lanez,2Gyc6e2cLxA5hoX1NOvYnU,0.546,0.529,0.0583,-10.511,107.333,0.248
2016,75,Antidote,Travis Scott,1wHZx0LgzFHyeIZkUydNXq,0.714,0.527,0.0322,-5.046,131.046,0.123
2016,76,Lost Boy,Ruth B,0zMzyHAeMvwq5CRstru1Fp,0.586,0.128,0.0496,-9.297,123.498,0.371
2016,77,Side to Side,Ariana Grande,43bCmCI0nSgcT7QdMXY6LV,0.649,0.736,0.23,-5.84,159.182,0.612
2016,78,"Sit Still, Look Pretty",Daya,6ZtiywT2Qm50a1uR0jlY35,0.846,0.734,0.108,-3.601,90.98,0.717
2016,79,Wildest Dreams,Taylor Swift,59HjlYCeBsxdI0fcm3zglw,0.554,0.666,0.0747,-7.414,140.056,0.472
2016,80,Middle,DJ Snake,0g5EKLgdKvNlln7TNqBByK,0.583,0.695,0.0423,-5.336,104.879,0.224
2016,81,On My Mind,Ellie Goulding,5a7NdkF09AfD0H607eiOkX,0.702,0.705,0.0543,-6.666,154.911,0.743
2016,82,Pop Style,Drake,5mPSyjLatqB00IkPqRlbTE,0.713,0.462,0.123,-10.027,133.053,0.0594
2016,83,When We Were Young,Adele,7GgWAITsYJaRM3r50rfh5w,0.376,0.595,0.0496,-5.936,144.361,0.265
2016,84,Hide Away,Daya,7fPyCCiXVwbzPQ1MtoUChl,0.884,0.826,0.0853,-3.672,94.997,0.465
2016,85,Lean On,Major Lazer ,01aTsQoKoeXofSTvKuunzv,0.723,0.809,0.0625,-3.081,98.007,0.274
2016,86,I Know What You Did Last Summer,Shawn Mendes ,2GyA33q5rti5IxkMQemRDH,0.687,0.761,0.0876,-4.582,113.939,0.743
2016,87,All the Way Up,Fat Joe ,61QSuw5VlC0LTS8WMO356g,0.536,0.721,0.386,-6.44,117.139,0.393
2016,88,Watch Me,Silentó,5RIVoVdkDLEygELLCniZFr,0.821,0.759,0.121,-8.541,140.01,0.962
2016,89,Back to Sleep,Chris Brown,6dlpABcXrQKRU9G00i6Zba,0.647,0.646,0.243,-5.483,92.981,0.721
2016,90,No Limit,Usher,1CDBn2Lm7E63XKQDsdCq6O,0.717,0.523,0.0611,-6.506,127.047,0.282
2016,91,Cut It,O.T. Genasis ,376KnY4TrgBITxjlnbnmIy,0.875,0.673,0.0932,-4.184,130,0.231
2016,92,Really Really,Kevin Gates,10I3CmmwT0BkOVhduDy53o,0.762,0.666,0.0916,-6.055,118.97,0.278
2016,93,All In My Head (Flex),Fifth Harmony ,7nD9nN3jord9wWcfW3Gkcm,0.689,0.791,0.053,-5.194,95.04,0.755
2016,94,Starving,Hailee Steinfeld ,4Ce37cRWvM1vIGGynKcs22,0.728,0.616,0.0645,-4.238,99.962,0.508
2016,95,Adventure of a Lifetime,Coldplay,69uxyAqqPIsUyTO8txoP2M,0.638,0.924,0.036,-3.887,111.995,0.53
2016,96,Humble and Kind,Tim McGraw,4Pn0JlCUusD2QHjADuOzuV,0.355,0.48,0.0282,-7.31,100.956,0.137
2016,97,Wicked,Future,6BbINUfGabVyiNFJpQXn3x,0.718,0.679,0.0706,-5.899,157.97,0.205
2016,98,Tiimmy Turner,Desiigner,3NJG6vMH1ZsectZkocMEm0,0.602,0.725,0.0393,-3.054,122.803,0.304
2016,99,See You Again,Wiz Khalifa ,2JzZzZUQj3Qff7wapcbKjc,0.689,0.481,0.0815,-7.503,80.025,0.283
2016,100,Perfect,One Direction,3NLnwwAQbbFKcEcV8hDItk,0.648,0.822,0.0749,-5.231,99.933,0.397
2017,1,Shape of You,Ed Sheeran,7qiZfU4dY1lWllzX7mPBI3,0.825,0.652,0.0802,-3.183,95.977,0.931
2017,2,Despacito (Remix),Luis Fonsi,6rPO02ozF3bM7NnOV4h6s2,0.653,0.816,0.167,-4.353,178.085,0.816
2017,3,That's What I Like,Bruno Mars,41845KfPUpg17FYYw0lKYg,0.851,0.557,0.0416,-4.98,134.031,0.843
2017,4,Humble,Kendrick Lamar,7KXjTSCq5nL1LoYtL7XAwS,0.908,0.621,0.102,-6.638,150.011,0.421
2017,5,Something Just Like This,The Chainsmokers ,6RUKPb4LETWmmr3iAEQktW,0.617,0.635,0.0317,-6.769,103.019,0.446
2017,6,Bad and Boujee,Migos ,0M9ydKzuF3oZTfYYPfaGX1,0.926,0.666,0.244,-5.314,127.079,0.168
2017,7,Closer,The Chainsmokers ,7BKLCZ1jbUBVqRi2FVlTVw,0.748,0.524,0.0338,-5.599,95.01,0.661
2017,8,Body Like a Back Road,Sam Hunt,7FpBQ067pHB67deawpbbcY,0.736,0.458,0.0316,-7.437,98.977,0.65
2017,9,Believer,Imagine Dragons,0pqnGHJpmpxLKifKRmU6WP,0.776,0.78,0.128,-4.374,124.949,0.666
2017,10,Congratulations,Post Malone ,3a1lNhkSLSkpJE4MSHpDu9,0.63,0.804,0.0364,-4.183,123.146,0.492
2017,11,Say You Won't Let Go,James Arthur,5uCax9HTNlzGybIStD3vDh,0.358,0.557,0.059,-7.398,85.043,0.494
2017,12,I'm the One,DJ Khaled ,1jYiIOC5d6soxkJP81fxq2,0.599,0.667,0.0367,-4.267,80.984,0.817
2017,13,XO Tour Llif3,Lil Uzi Vert,7GX5flRQZVHRAGd6B4TmDO,0.732,0.75,0.231,-6.366,155.096,0.401
2017,14,Mask Off,Future,0VgkVdmE4gld66l8iyGjgx,0.833,0.434,0.431,-8.795,150.062,0.281
2017,15,Unforgettable,French Montana ,3B54sVLJ402zGa6Xm4YGNe,0.726,0.769,0.123,-5.043,97.985,0.733
2017,16,24K Magic,Bruno Mars,6b8Be6ljOzmkOmFslEb23P,0.818,0.803,0.0797,-4.282,106.97,0.632
2017,17,Stay,Zedd,6uBhi9gBXWjanegOb2Phh0,0.69,0.622,0.0622,-5.025,102.04,0.544
2017,18,Wild Thoughts,DJ Khaled,45XhKYRRkyeqoW3teSOkCM,0.613,0.681,0.0778,-3.089,97.621,0.619
2017,19,Black Beatles,Rae Sremmurd ,6fujklziTHa8uoM5OQSfIo,0.794,0.632,0.0649,-6.163,145.926,0.355
2017,20,Starboy,The Weeknd,7MXVkk9YMctZqd1Srtv4MB,0.679,0.587,0.276,-7.015,186.003,0.486
2017,21,Location,Khalid,152lZdxL1OR0ZMW6KquMif,0.736,0.449,0.425,-11.462,80.126,0.326
2017,22,Attention,Charlie Puth,5cF0dROlMOK5uNZtivgu50,0.775,0.613,0.0542,-4.586,100.066,0.797
2017,23,There's Nothing Holdin' Me Back,Shawn Mendes,7JJmb5XwzOO8jgpou264Ml,0.866,0.811,0.0553,-4.063,121.995,0.969
2017,24,Bodak Yellow,Cardi B,6KBYefIoo7KydImq1uUQlL,0.926,0.703,0.103,-6.337,125.022,0.485
2017,25,Redbone,Childish Gambino,0WtDGnWL2KrMCk0mI1Gpwz,0.745,0.353,0.0983,-10.614,160.111,0.598
2017,26,I Don't Wanna Live Forever,Zayn ,55n9yjI6qqXh5F2mYvUc2y,0.73,0.444,0.0538,-8.418,117.979,0.106
2017,27,It Ain't Me,Kygo,12GEpg2XOPyqk03JZEZnJs,0.64,0.533,0.0706,-6.596,99.968,0.515
2017,28,iSpy,Kyle ,2EEeOnHehOozLq4aS0n6SL,0.746,0.653,0.289,-6.745,75.016,0.672
2017,29,Issues,Julia Michaels,7vu0JkJh0ldukEYbTVcqd0,0.728,0.415,0.0639,-6.852,114.145,0.455
2017,30,Scars to Your Beautiful,Alessia Cara,0wI7QkCcs8FUQE1OkXUIqd,0.319,0.739,0.272,-5.74,194.169,0.449
2017,31,1-800-273-8255,Logic,5tz69p7tJuGPeMGwNTxYuV,0.62,0.574,0.0479,-7.788,100.023,0.357
2017,32,Slow Hands,Niall Horan,2cOUlop2ZakjOKe4WinesN,0.735,0.425,0.0464,-6.648,85.896,0.848
2017,33,Love on the Brain,Rihanna,5oO3drDxtziYU2H1X23ZIp,0.509,0.637,0.047,-4.83,172.007,0.379
2017,34,I Feel It Coming,The Weeknd ,3dhjNA0jGA8vHBQ1VdD6vV,0.773,0.819,0.118,-5.946,92.987,0.585
2017,35,Bounce Back,Big Sean,0SGkqnVQo9KPytSri1H6cF,0.785,0.575,0.133,-5.628,81.529,0.272
2017,36,Strip That Down,Liam Payne ,4Ro98RCK90oHqqSZUnTFq5,0.874,0.497,0.0562,-5.484,106.025,0.542
2017,37,Fake Love,Drake,343YBumqHu19cGoGARUTsd,0.928,0.481,0.287,-9.35,134.007,0.613
2017,38,Don't Wanna Know,Maroon 5,2k9OwrZbpcvmpA9vtc9uZH,0.687,0.822,0.137,-3.593,106.112,0.796
2017,39,Look What You Made Me Do,Taylor Swift,1P17dC1amhFzptugyAO7Il,0.766,0.709,0.123,-6.471,128.07,0.506
2017,40,Castle on the Hill,Ed Sheeran,6PCUP3dWmTjcTtXY02oFdT,0.461,0.834,0.0989,-4.868,135.007,0.471
2017,41,Bad Things,Machine Gun Kelly ,1PSBzsahR2AKwLJgx8ehBj,0.697,0.691,0.146,-4.757,137.853,0.305
2017,42,Paris,The Chainsmokers,72jbDTw1piOOj770jWNeaG,0.653,0.658,0.0304,-6.428,99.99,0.219
2017,43,Side to Side,Ariana Grande ,43bCmCI0nSgcT7QdMXY6LV,0.649,0.736,0.23,-5.84,159.182,0.612
2017,44,Rockabye,Clean Bandit ,2hrUO4drrO63i7FYbCLBl2,0.717,0.73,0.0568,-4.729,102.002,0.792
2017,45,Feel It Still,Portugal. The Man,6QgjcU0zLnzq5OrUoSZ3OK,0.801,0.795,0.0504,-5.115,79.028,0.754
2017,46,Let Me Love You,DJ Snake ,0lYBSQXN6rCTvUZvg9S0lU,0.475,0.715,0.058,-5.371,199.892,0.159
2017,47,Sorry Not Sorry,Demi Lovato,0yvPEnB032fojLfVluFjUv,0.705,0.643,0.232,-6.929,143.944,0.884
2017,48,Bank Account,21 Savage,5eqK0tbzUPo2SoeZsov04s,0.884,0.347,0.35,-8.227,75.016,0.376
2017,49,Can't Stop the Feeling!,Justin Timberlake,1WkMMavIMc4JZ8cfMmxHkI,0.669,0.832,0.0682,-5.721,113.035,0.7
2017,50,Mi Gente,J Balvin ,7COfe3P7KgfwDwIRB8LIDw,0.548,0.703,0.0772,-4.838,104.666,0.286
2017,51,Thunder,Imagine Dragons,1zB4vmk8tFRmM9UULNzbLB,0.604,0.822,0.0438,-4.833,167.997,0.288
2017,52,T-Shirt,Migos,1rkfJLgTlB6XYNjgZ0sVaK,0.865,0.687,0.217,-3.744,139.023,0.486
2017,53,Rake It Up,Yo Gotti ,4knL4iPxPOZjQzTUlELGSY,0.91,0.444,0.344,-8.126,149.953,0.53
2017,54,Mercy,Shawn Mendes,0AS63m1wHv9n4VVRizK6Hc,0.554,0.662,0.0821,-4.957,148.122,0.338
2017,55,Tunnel Vision,Kodak Black,4Q3N4Ct4zCuIHuZ65E3BD4,0.497,0.489,0.294,-7.724,171.853,0.231
2017,56,Rockstar,Post Malone ,0e7ipj03S05BNilyu5bRzt,0.585,0.52,0.0713,-6.136,159.798,0.129
2017,57,In Case You Didn't Know,Brett Young,10M2Ex445zw585Ducldzkw,0.607,0.536,0.0302,-7.306,147.992,0.436
2017,58,Heathens,Twenty One Pilots,6i0V12jOa3mr6uu4WYhUBr,0.732,0.396,0.0286,-9.348,90.024,0.548
2017,59,Now or Never,Halsey,7i2DJ88J7jQ8K7zqFX2fW8,0.67,0.585,0.0354,-4.861,110.03,0.447
2017,60,Caroline,Aminé,5hTpBe8h35rJ67eAWHQsJx,0.94,0.335,0.505,-10.179,120.04,0.707
2017,61,Rolex,Ayo & Teo,0pSBuHjILhNEo55xK1zrRt,0.804,0.886,0.04,-2.512,144.946,0.789
2017,62,DNA,Kendrick Lamar,6HZILIRieu8S0iqY8kIKhj,0.638,0.523,0.357,-6.664,139.913,0.422
2017,63,Juju on That Beat (TZ Anthem),Zay Hilfigerrr & Zayion McCall,1lItf5ZXJc1by9SbPeljFd,0.807,0.887,0.275,-3.892,160.517,0.78
2017,64,Swang,Rae Sremmurd,6mapJIPnQ23RTAevUoE0DL,0.681,0.314,0.0581,-9.319,139.992,0.166
2017,65,Passionfruit,Drake,5mCPDVBb16L4XQwDdbRUpz,0.809,0.463,0.0396,-11.377,111.98,0.364
2017,66,Loyalty,Kendrick Lamar ,6SwRhMLwNqEi6alNPVG00n,0.658,0.535,0.0573,-8.983,110.684,0.419
2017,67,Praying,Kesha,0jdny0dhgjUwoIp5GkqEaA,0.543,0.39,0.0322,-7.202,73.415,0.303
2017,68,Goosebumps,Travis Scott,6gBFPUFcJLzWGx4lenP6h2,0.841,0.728,0.0484,-3.37,130.049,0.43
2017,69,Cold,Maroon 5 ,7gwLQ4tZ5UdZ7qNcDyJ8wr,0.692,0.717,0.107,-6.346,99.838,0.412
2017,70,Broccoli,DRAM ,0qy5D3OJre7SPJNMOL9I71,0.886,0.525,0.132,-7.39,145.99,0.708
2017,71,Slide,Calvin Harris,7tr2za8SQg2CI8EDgrdtNl,0.736,0.795,0.0545,-3.299,104.066,0.511
2017,72,What Ifs,Kane Brown ,7zVCrzzEJU7u24sbJPXA5W,0.612,0.799,0.0275,-4.603,125.976,0.687
2017,73,Chained to the Rhythm,Katy Perry ,7qvxFz3JodM0A7xEM7k3YD,0.562,0.8,0.112,-5.404,95.029,0.471
2017,74,Feels,Calvin Harris,5bcTCxgc7xVfSaMV3RuVke,0.893,0.745,0.0571,-3.105,101.018,0.872
2017,75,All Time Low,Jon Bellion,0SuLAslEMFZAXf0SwY7syi,0.617,0.567,0.0828,-4.188,90.246,0.505
2017,76,Hurricane,Luke Combs,6xHI9KjUjYT0FPtGO8Mxa1,0.464,0.813,0.0416,-6.185,75.977,0.515
2017,77,Too Good at Goodbyes,Sam Smith,1mXVgsBdtIVeCLJnSnmtdV,0.715,0.372,0.0443,-8.237,91.931,0.474
2017,78,Young Dumb & Broke,Khalid,5Z3GHaZ6ec9bsiI5BenrbY,0.799,0.539,0.0421,-6.351,136.948,0.394
2017,79,Magnolia,Playboi Carti,1e1JKLEDKP7hEQzJfNAgPl,0.791,0.582,0.286,-7.323,162.991,0.443
2017,80,Love Galore,SZA ,0q75NwOoFiARAVp4EXU4Bs,0.795,0.594,0.0748,-6.2,135.002,0.409
2017,81,Drowning,A Boogie wit da Hoodie ,1f5cbQtDrykjarZVrShaDI,0.839,0.81,0.0568,-5.274,129.014,0.814
2017,82,Starving,Hailee Steinfeld ,4Ce37cRWvM1vIGGynKcs22,0.728,0.616,0.0645,-4.238,99.962,0.508
2017,83,Both,Gucci Mane ,5tFep7dXGd7vEJ668wTPux,0.85,0.405,0.225,-7.509,139.976,0.344
2017,84,What About Us,Pink,3yUA3OY2hi8myRQ3cL5rnB,0.39,0.428,0.0283,-10.664,93.44,0.104
2017,85,Swalla,Jason Derulo,6kex4EBAj0WHXDKZMEJaaF,0.689,0.789,0.122,-4.901,98.043,0.745
2017,86,Slippery,Migos ,0TBgMKD86t1VP3IzhxCoUl,0.92,0.675,0.263,-5.661,141.967,0.749
2017,87,Sign of the Times,Harry Styles,5Ohxk2dO5COHF1krpoPigN,0.516,0.595,0.0313,-4.63,119.972,0.222
2017,88,Water Under the Bridge,Adele,4jL6WWKFDqCOPo2hC3VhSS,0.59,0.833,0.0615,-6.503,94.963,0.538
2017,89,Malibu,Miley Cyrus,1UZOjK1BwmwWU14Erba9CZ,0.573,0.781,0.0555,-6.406,139.934,0.343
2017,90,Down,Marian Hill,5eCkuGPZNl4mISFNPgr3Dd,0.678,0.357,0.128,-14.712,113.301,0.0661
2017,91,No Promises,Cheat Codes ,5lNuqFVMca4vPupY10cH0J,0.739,0.619,0.162,-6.669,112.961,0.58
2017,92,Treat You Better,Shawn Mendes,3QGsuHI8jO1Rx4JWLUh9jd,0.443,0.82,0.34,-4.091,82.697,0.771
2017,93,I Get the Bag,Gucci Mane ,1XRgIKC5TPwo7nWGyKqgG0,0.89,0.633,0.168,-5.475,139.948,0.425
2017,94,Small Town Boy,Dustin Lynch,7mS200vKsSSVgrbMxWza54,0.555,0.744,0.0287,-6.016,73.012,0.673
2017,95,Everyday We Lit,YFN Lucci ,3J8Q6aBhjpvao8BsBQ6H9Y,0.758,0.646,0.113,-4.701,155.949,0.589
2017,96,Havana,Camila Cabello,1rfofaqEpACxVEHIZBJe6W,0.765,0.523,0.03,-4.333,104.988,0.394
2017,97,What Lovers Do,Maroon 5 ,2j5hsQvApottzvTn4pFJWF,0.8,0.598,0.0617,-5.131,109.998,0.422
2017,98,Do Re Mi,Blackbear,6Se3x9ANMLv0dCDsjGmEjh,0.745,0.593,0.0524,-6.35,111.001,0.17
2017,99,Look at Me!,XXXTentacion,7floNISpH8VF4z4459Qo18,0.763,0.726,0.282,-6.405,139.059,0.349
2017,100,The Fighter,Keith Urban ,5OUSPcqhYTOzpbXzoEvKim,0.681,0.845,0.0525,-5.147,132.023,0.761
2018,1,God's Plan,Drake,6DCZcSspjsKoFjzjrWoCdn,0.754,0.449,0.109,-9.211,77.169,0.357
2018,2,Perfect,Ed Sheeran,0tgVpDi06FyKpA1z0VMD4v,0.599,0.448,0.0232,-6.312,95.05,0.168
2018,3,Meant to Be,Bebe Rexha ,7iDa6hUg2VgEL1o1HjmfBn,0.643,0.783,0.0856,-6.458,154.084,0.579
2018,4,Havana,Camila Cabello ,1rfofaqEpACxVEHIZBJe6W,0.765,0.523,0.03,-4.333,104.988,0.394
2018,5,Rockstar,Post Malone,0e7ipj03S05BNilyu5bRzt,0.585,0.52,0.0713,-6.136,159.798,0.129
2018,6,Psycho,Post Malone ,3swc6WTsr7rl9DqQKQA55C,0.75,0.56,0.105,-8.094,140.06,0.459
2018,7,I Like It,Cardi B,58q2HKrzhC3ozto2nDdN4z,0.816,0.726,0.129,-3.998,136.048,0.65
2018,8,The Middle,Zedd,09IStsImFySgyp0pIQdqAc,0.753,0.657,0.0449,-3.061,107.01,0.437
2018,9,In My Feelings,Drake,2G7V7zsVDxg1yRsu7Ew9RJ,0.835,0.626,0.125,-5.833,91.03,0.35
2018,10,Girls Like You,Maroon 5,6V1bu6o1Yo5ZXnsCJU8Ovk,0.779,0.541,0.0658,-6.824,124.939,0.447
2018,11,Nice for What,Drake,3CA9pLiwRIGtUBiMjbZmRw,0.585,0.909,0.0707,-6.474,93.372,0.758
2018,12,Lucid Dreams,Juice Wrld,285pBltuF7vW8TeWk8hdRR,0.511,0.566,0.2,-7.23,83.903,0.218
2018,13,Better Now,Post Malone,7dt6x5M1jzdTEt8oCbisTK,0.674,0.578,0.0408,-5.804,145.07,0.34
2018,14,Finesse,Bruno Mars ,5XMkENs3GfeRza8MfVAhjK,0.741,0.798,0.0718,-5.342,104.953,0.939
2018,15,Boo'd Up,Ella Mai,0At2qAoaVjIwWNAqrscXli,0.561,0.779,0.0531,-5.107,81.965,0.235
2018,16,New Rules,Dua Lipa,2ekn2ttSfGqwhhate0LSR0,0.762,0.7,0.0694,-6.021,116.073,0.608
2018,17,Sad!,XXXTentacion,3ee8Jmje8o58CHK66QrVC2,0.74,0.613,0.145,-4.88,75.023,0.473
2018,18,Never Be the Same,Camila Cabello,4eWQlBRaTjPPUlzacqEeoQ,0.637,0.713,0.0747,-4.333,129.923,0.243
2018,19,Love Lies,Khalid ,45Egmo7icyopuzJN0oMEdk,0.708,0.648,0.0449,-5.626,143.955,0.338
2018,20,No Tears Left to Cry,Ariana Grande,2qT1uLXPVPzGgFOx4jtEuo,0.699,0.713,0.0594,-5.507,121.993,0.354
2018,21,Mine,Bazzi,7uzmGiiJyRfuViKKK3lVmR,0.71,0.789,0.0722,-3.874,142.929,0.717
2018,22,Thunder,Imagine Dragons,1zB4vmk8tFRmM9UULNzbLB,0.604,0.822,0.0438,-4.833,167.997,0.288
2018,23,Look Alive,BlocBoy JB,6HJ34Zyw6bg8yGm28AxLXf,0.918,0.58,0.322,-7.501,139.977,0.611
2018,24,Delicate,Taylor Swift,6NFyWDv5CjfwuzoCkw47Xf,0.75,0.404,0.0682,-10.178,95.045,0.0499
2018,25,Yes Indeed,Lil Baby ,6vN77lE9LK6HP2DewaN6HZ,0.963,0.346,0.53,-9.309,119.957,0.562
2018,26,Friends,Marshmello ,08bNPGLD8AhKpnnERrAc6G,0.626,0.88,0.0504,-2.384,95.079,0.534
2018,27,Bad at Love,Halsey,7y9iMe8SOB6z3NoHE2OfXl,0.675,0.751,0.0296,-3.539,118.384,0.612
2018,28,Taste,Tyga ,2toVe5hfuIi97ytDPDbQFt,0.866,0.613,0.151,-6.385,98.001,0.359
2018,29,Let You Down,NF,52okn5MNA47tk87PeZJLEL,0.661,0.714,0.121,-5.68,147.998,0.464
2018,30,No Limit,G-Eazy,2DQ1ITjI0YoLFzuADN1ZBW,0.838,0.771,0.244,-3.791,175.957,0.405
2018,31,Fefe,6ix9ine ,43VXG87ajppI8mO1Mxo8vu,0.93,0.383,0.409,-9.34,125.967,0.385
2018,32,Tequila,Dan + Shay,42fw0rxRO2xbesF6mJfd4Y,0.489,0.581,0.0281,-5.731,86.016,0.494
2018,33,Feel It Still,Portugal. The Man,6QgjcU0zLnzq5OrUoSZ3OK,0.801,0.795,0.0504,-5.115,79.028,0.754
2018,34,MotorSport,Migos,4wFjTWCunQFKtukqrNijEt,0.902,0.518,0.183,-5.32,137.993,0.188
2018,35,I Like Me Better,Lauv,0EcQcdcbQeVJn9fknj44Be,0.753,0.505,0.255,-7.621,91.972,0.419
2018,36,Youngblood,5 Seconds of Summer,2iUXsYOEPhVqEBwsqP70rE,0.597,0.854,0.463,-5.114,120.276,0.152
2018,37,Whatever It Takes,Imagine Dragons,6Qn5zhYkTa37e91HC1D7lb,0.672,0.655,0.031,-5.021,134.948,0.555
2018,38,Ric Flair Drip,Offset ,7sO5G9EABYOXQKNPNiE9NR,0.88,0.428,0.206,-8.28,100.007,0.333
2018,39,I Fall Apart,Post Malone,75ZvA4QfFiZvzhj2xkaWAh,0.556,0.538,0.0382,-5.408,143.946,0.291
2018,40,Pray for Me,The Weeknd,6huNf4dutXRjJyGn7f5BPS,0.732,0.678,0.0886,-4.977,100.626,0.196
2018,41,Back to You,Selena Gomez,4hQ6UGyWQIGJmHSo0J88JW,0.6,0.725,0.0487,-4.866,102.056,0.506
2018,42,Sicko Mode,Travis Scott,2xLMifQCjDGFmkHkpNLD9h,0.834,0.73,0.222,-3.714,155.008,0.446
2018,43,Walk It Talk It,Migos ,6n4U3TlzUGhdSFbUUhTvLP,0.908,0.633,0.183,-5.145,145.914,0.395
2018,44,Gucci Gang,Lil Pump,43ZyHQITOjhciSUUNPVRHc,0.936,0.523,0.0597,-6.71,119.889,0.699
2018,45,Him & I,G-Eazy ,5k38wzpLb15YgncyWdTZE4,0.589,0.731,0.0868,-6.343,87.908,0.191
2018,46,In My Blood,Shawn Mendes,2QZ7WLBE8h2y1Y5Fb8RYbH,0.622,0.711,0.0665,-7.321,140.016,0.487
2018,47,All the Stars,Kendrick Lamar ,3GCdLUSnKSMJhs4Tj6CV3s,0.695,0.633,0.0599,-4.946,96.782,0.557
2018,48,Stir Fry,Migos,2UVbBKQOdFAekPTRsnkzcf,0.817,0.816,0.269,-5.402,181.982,0.508
2018,49,Too Good at Goodbyes,Sam Smith,1mXVgsBdtIVeCLJnSnmtdV,0.715,0.372,0.0443,-8.237,91.931,0.474
2018,50,Love,Kendrick Lamar ,6PGoSes0D9eUDeeAafB2As,0.8,0.585,0.0924,-7.343,126.058,0.779
2018,51,This Is America,Childish Gambino,0b9oOr2ZgvyQu88wzixux9,0.854,0.463,0.137,-6.159,120.024,0.549
2018,52,Nonstop,Drake,0TlLq3lA83rQOYtrqBqSct,0.912,0.412,0.123,-8.074,154.983,0.423
2018,53,Heaven,Kane Brown,1HXy5I3HTWq8OvxCn0z7G7,0.677,0.556,0.0306,-6.544,80.006,0.521
2018,54,Bodak Yellow,Cardi B,6KBYefIoo7KydImq1uUQlL,0.926,0.703,0.103,-6.337,125.022,0.485
2018,55,Freaky Friday,Lil Dicky ,6dbSBQXCctYSVryynHXaZ4,0.755,0.599,0.224,-5.042,133.123,0.755
2018,56,Gummo,6ix9ine,2HBtd9MYDd2xDVu8Zc6pwt,0.691,0.771,0.164,-5.17,78.463,0.673
2018,57,Plug Walk,Rich the Kid,1ZAyjvIk9YiD76yYy0TEG6,0.872,0.519,0.177,-6.531,95.006,0.154
2018,58,Wait,Maroon 5,6AvfZXpbb6r35DfF7gHPRq,0.658,0.603,0.0549,-5.016,126.035,0.435
2018,59,Be Careful,Cardi B,2Yl4OmDby9iitgNWZPwxkd,0.82,0.568,0.411,-8.23,152.279,0.535
2018,60,Wolves,Selena Gomez ,0tBbt8CrmxbjRP0pueQkyU,0.725,0.804,0.0422,-4.614,124.996,0.31
2018,61,Bartier Cardi,Cardi B ,0dIoGTQXDh1wVnhIiSyYEa,0.908,0.524,0.181,-7.955,138.015,0.109
2018,62,God Is a Woman,Ariana Grande,5OCJzvD7sykQEKHH7qAC3C,0.602,0.658,0.0558,-5.934,145.031,0.268
2018,63,Big Bank,YG ,0ZNrc4kNeQYD9koZ3KvCsy,0.745,0.346,0.335,-7.709,203.888,0.112
2018,64,Sorry Not Sorry,Demi Lovato,0yvPEnB032fojLfVluFjUv,0.705,0.643,0.232,-6.929,143.944,0.884
2018,65,How Long,Charlie Puth,6wmAHw1szh5RCKSRjiXhPe,0.845,0.561,0.0778,-5.253,109.974,0.811
2018,66,Lights Down Low,Max ,5A6BJLZArq1MPjsnmcuk5f,0.623,0.493,0.0338,-7.727,81.019,0.594
2018,67,Young Dumb & Broke,Khalid,5Z3GHaZ6ec9bsiI5BenrbY,0.799,0.539,0.0421,-6.351,136.948,0.394
2018,68,One Kiss,Calvin Harris ,7ef4DlsgrMEH11cDZd32M6,0.791,0.862,0.11,-3.24,123.994,0.592
2018,69,Natural,Imagine Dragons,2FY7b99s15jUprqC0M5NCT,0.704,0.611,0.041,-6.112,99.994,0.22
2018,70,You Make It Easy,Jason Aldean,2TXtN9MoV308Y0z1HvyTfV,0.542,0.571,0.028,-5.299,131.877,0.506
2018,71,Shape of You,Ed Sheeran,7qiZfU4dY1lWllzX7mPBI3,0.825,0.652,0.0802,-3.183,95.977,0.931
2018,72,I Get the Bag,Gucci Mane ,1XRgIKC5TPwo7nWGyKqgG0,0.89,0.633,0.168,-5.475,139.948,0.425
2018,73,No Brainer,DJ Khaled ,5WvAo7DNuPRmk4APhdPzi8,0.552,0.76,0.342,-4.706,135.702,0.639
2018,74,Plain Jane,ASAP Ferg ,4dVpf9jZjcORqGTLUaeYj9,0.797,0.844,0.275,-5.482,170.142,0.52
2018,75,Sky Walker,Miguel,5WoaF1B5XIEnWfmb5NZikf,0.674,0.506,0.0434,-10.532,145.965,0.183
2018,76,Marry Me,Thomas Rhett,0OWZFobGSIW9GrSlQ9C5pc,0.583,0.412,0.0238,-8.633,84.952,0.499
2018,77,Eastside,Benny Blanco,7FGq80cy8juXBCD2nrqdWU,0.632,0.686,0.243,-7.665,89.949,0.329
2018,78,Call Out My Name,The Weeknd,09mEdoA6zrmBPgTEN5qXmN,0.461,0.593,0.0356,-4.954,134.165,0.174
2018,79,King's Dead,Jay Rock,51rXHuKN8Loc4sUlKPODgH,0.645,0.705,0.299,-5.008,137.133,0.376
2018,80,Happier,Marshmello,7BqHUALzNBTanL6OvsqmC1,0.687,0.792,0.0452,-2.749,100.011,0.671
2018,81,Te Boté,Nio García,3V8UKqhEK5zBkBb6d6ub8i,0.903,0.675,0.214,-3.445,96.507,0.442
2018,82,Simple,Florida Georgia Line,4L9Ds4mpD3SuYoWwFUlv16,0.362,0.882,0.0973,-3.717,199.811,0.864
2018,83,Lemon,N.E.R.D,4PpuH4mxL0rD35mOWaLoKS,0.916,0.727,0.0861,-6.556,94.997,0.201
2018,84,1-800-273-8255,Logic,5tz69p7tJuGPeMGwNTxYuV,0.62,0.574,0.0479,-7.788,100.023,0.357
2018,85,Say Something,Justin Timberlake ,1LhMopPAallLeaeNutqbgS,0.707,0.632,0.0789,-7.031,97.04,0.372
2018,86,I'm Upset,Drake,3qN5qMTKyEEmiTZD38BNTT,0.899,0.586,0.343,-7.866,150.002,0.492
2018,87,Get Along,Kenny Chesney,6n6OQfBpCgzF9oEg8zhBN7,0.632,0.804,0.0503,-6.109,92.456,0.35
2018,88,Moonlight,XXXTentacion,0JP9xo3adEtGSdUEISiszL,0.921,0.537,0.0804,-5.723,128.009,0.711
2018,89,What Lovers Do,Maroon 5,2j5hsQvApottzvTn4pFJWF,0.8,0.598,0.0617,-5.131,109.998,0.422
2018,90,X,Nicky Jam,5YUyW9opqNsMSEzzecZih1,0.594,0.749,0.056,-5.298,179.968,0.694
2018,91,Outside Today,YoungBoy Never Broke Again,3sA7HKGzcKTVscdiTCrWpX,0.851,0.666,0.0694,-5.334,134.068,0.0585
2018,92,Trip,Ella Mai,6CTWathupIiDs7U4InHnDA,0.477,0.609,0.144,-5.628,79.884,0.357
2018,93,Dura,Daddy Yankee,6KuqAtoeVzxAYOaMveLNpH,0.783,0.84,0.051,-3.416,95.001,0.839
2018,94,Changes,XXXTentacion,7AFASza1mXqntmGtbxXprO,0.669,0.308,0.029,-10.068,64.934,0.52
2018,95,Mercy,Brett Young,2VIPU72L6tIR4w8J8ap6Kp,0.638,0.367,0.0266,-7.906,71.957,0.219
2018,96,One Number Away,Luke Combs,4gB7HrYHbJVJ5RFOjxmoq4,0.544,0.781,0.0311,-6.16,144.075,0.527
2018,97,Powerglide,Rae Sremmurd ,1BuZAIO8WZpavWVbbq3Lci,0.713,0.831,0.149,-4.75,173.947,0.589
2018,98,IDGAF,Dua Lipa,76cy1WJvNGJTj78UqeA5zr,0.836,0.544,0.0943,-5.975,97.028,0.51
2018,99,Mi Gente,J Balvin,7COfe3P7KgfwDwIRB8LIDw,0.548,0.703,0.0772,-4.838,104.666,0.286
2018,100,Believer,Imagine Dragons,0pqnGHJpmpxLKifKRmU6WP,0.776,0.78,0.128,-4.374,124.949,0.666
2019,1,Old Town Road,Lil Nas X ,2YpeDb67231RjR0MgVLzsG,0.878,0.619,0.102,-5.56,136.041,0.639
2019,2,Sunflower,Post Malone,0RiRZpuVRbi7oqRdSMwhQY,0.755,0.522,0.0575,-4.368,89.96,0.925
2019,3,Without Me,Halsey,6FZDfxM3a3UCqtzo5pxSLZ,0.752,0.488,0.0705,-7.05,136.07,0.533
2019,4,Bad Guy,Billie Eilish,2Fxmhks0bxGSBdJ92vM42m,0.701,0.425,0.375,-10.965,135.128,0.562
2019,5,Wow,Post Malone,7xQAfvXzm3AkraOtGPWIZg,0.829,0.538,0.212,-7.359,99.952,0.389
2019,6,Happier,Marshmello,7BqHUALzNBTanL6OvsqmC1,0.687,0.792,0.0452,-2.749,100.011,0.671
2019,7,7 Rings,Ariana Grande,6ocbgoVGwYJhOv1GgI9NsF,0.777,0.317,0.308,-10.732,139.848,0.33
2019,8,Talk,Khalid,6TqXcAFInzjp0bODyvrWEq,0.9,0.4,0.127,-8.575,135.984,0.346
2019,9,Sicko Mode,Travis Scott,2xLMifQCjDGFmkHkpNLD9h,0.834,0.73,0.222,-3.714,155.008,0.446
2019,10,Sucker,Jonas Brothers,22vgEDb5hykfaTwLuskFGD,0.842,0.734,0.0588,-5.065,137.958,0.952
2019,11,High Hopes,Panic! at the Disco,1rqqCSm0Qe4I9rUvWncaom,0.579,0.904,0.0618,-2.729,82.014,0.681
2019,12,"Thank U, Next",Ariana Grande,3e9HZxeyfWwjeyPAMmWSSQ,0.72,0.654,0.0647,-5.634,106.976,0.411
2019,13,Truth Hurts,Lizzo,3HWzoMvoF3TQfYg4UPszDq,0.715,0.624,0.114,-3.046,158.087,0.412
2019,14,Dancing with a Stranger,Sam Smith ,3xgT3xIlFGqZjYW9QlhJWp,0.741,0.52,0.0656,-7.513,102.998,0.347
2019,15,Señorita,Shawn Mendes ,6v3KW9xbzN5yKLt9YKDYA2,0.759,0.548,0.0289,-6.049,116.963,0.75
2019,16,I Don't Care,Ed Sheeran ,3HVWdVOQ0ZA45FuZGSfvns,0.798,0.676,0.0442,-5.041,101.956,0.843
2019,17,Eastside,Benny Blanco,7FGq80cy8juXBCD2nrqdWU,0.632,0.686,0.243,-7.665,89.949,0.329
2019,18,Going Bad,Meek Mill ,2IRZnDFmlqMuOrYOLnZZyc,0.889,0.496,0.0905,-6.365,86.003,0.544
2019,19,Shallow,Lady Gaga,2VxeLyX666F8uXCJ0dZF8B,0.577,0.385,0.03,-6.362,95.82,0.331
2019,20,Better,Khalid,2OpBganfGk2GVdSlRdxzaX,0.695,0.586,0.0658,-10.315,98.035,0.112
2019,21,No Guidance,Chris Brown,6XHVuErjQ4XNm6nDPVCxVX,0.696,0.454,0.153,-6.756,92.928,0.136
2019,22,Girls Like You,Maroon 5 ,6V1bu6o1Yo5ZXnsCJU8Ovk,0.779,0.541,0.0658,-6.824,124.939,0.447
2019,23,Sweet but Psycho,Ava Max,7DnAm9FOTWE3cUvso43HhI,0.72,0.706,0.0473,-4.719,133.002,0.62
2019,24,Suge,DaBaby,2gwkD6igEhQbDQegRCcdoB,0.876,0.662,0.426,-6.482,75.445,0.844
2019,25,Middle Child,J. Cole,2JvzF1RMd7lE3KmFlsyZD8,0.837,0.364,0.276,-11.713,123.984,0.463
2019,26,Drip Too Hard,Lil Baby ,78QR3Wp35dqAhFEc2qAGjE,0.897,0.662,0.292,-6.903,112.509,0.39
2019,27,Someone You Loved,Lewis Capaldi,7qEHsqek33rTcFNT9PFqLf,0.501,0.405,0.0319,-5.679,109.891,0.446
2019,28,Ransom,Lil Tecca,1lOe9qE0vR9zwWQAOk6CoO,0.745,0.642,0.287,-6.257,179.974,0.226
2019,29,If I Can't Have You,Shawn Mendes,2bT1PH7Cw3J9p3t7nlXCdh,0.691,0.823,0.0622,-4.197,123.943,0.87
2019,30,Goodbyes,Post Malone,0t3ZvGKlmYmVsDzBJAXK8C,0.547,0.653,0.081,-3.875,150.097,0.163
2019,31,Zeze,Kodak Black,0FZ4Dmg8jJJAPJnvBIzD9z,0.861,0.603,0.176,-5.788,98.043,0.504
2019,32,Better Now,Post Malone,7dt6x5M1jzdTEt8oCbisTK,0.674,0.578,0.0408,-5.804,145.07,0.34
2019,33,Youngblood,5 Seconds of Summer,2iUXsYOEPhVqEBwsqP70rE,0.597,0.854,0.463,-5.114,120.276,0.152
2019,34,Money in the Grave,Drake,5ry2OE6R2zPQFDO85XkgRb,0.831,0.502,0.046,-4.045,100.541,0.101
2019,35,Speechless,Dan + Shay,3GJ4hzg4lrGwU51Y3VARbF,0.616,0.438,0.0298,-5.968,135.929,0.386
2019,36,"Break Up with Your Girlfriend, I'm Bored",Ariana Grande,4kV4N9D1iKVxx1KLvtTpjS,0.727,0.554,0.0915,-5.29,170,0.335
2019,37,Please Me,Cardi B ,0PG9fbaaHFHfre2gUVo7AN,0.747,0.57,0.081,-6.711,133.992,0.65
2019,38,Money,Cardi B,2GGMabyHXnJmjY6CXhhB2e,0.95,0.59,0.29,-6.508,130.003,0.219
2019,39,You Need to Calm Down,Taylor Swift,6RRNNciQGZEXnqk8SQ9yv5,0.771,0.671,0.0553,-5.617,85.026,0.714
2019,40,Panini,Lil Nas X,1000nHvUdawXuUHgBod4Wv,0.703,0.594,0.0752,-6.146,153.848,0.475
2019,41,Look Back at It,A Boogie wit da Hoodie,3Ol2xnObFdKV9pmRD2t9x8,0.791,0.587,0.0413,-5.075,96.057,0.536
2019,42,A Lot,21 Savage,2t8yVaLvJ0RenpXUIAC52d,0.837,0.636,0.086,-7.643,145.972,0.274
2019,43,Me!,Taylor Swift ,2d8UxVNhJinc8uat9PoM9y,0.606,0.338,0.048,-10.555,119.88,0.238
2019,44,Mia,Bad Bunny ,3gE4eQH3K83Sght0ZLvuBK,0.816,0.538,0.0617,-6.354,97.055,0.156
2019,45,Pop Out,Polo G ,6uFn47ACjqYkc0jADwEdj1,0.772,0.639,0.467,-7.119,168.112,0.261
2019,46,Beautiful Crazy,Luke Combs,2rxQMGVafnNaRaXlRMWPde,0.551,0.402,0.0262,-7.431,103.313,0.382
2019,47,Thotiana,Blueface,1rBjexQsgqXpsS2BrCxaDX,0.906,0.382,0.269,-12.89,104.025,0.391
2019,48,Lucid Dreams,Juice Wrld,285pBltuF7vW8TeWk8hdRR,0.511,0.566,0.2,-7.23,83.903,0.218
2019,49,Mo Bamba,Sheck Wes,1xzBco0xcoJEDXktl7Jxrr,0.729,0.625,0.0315,-5.266,146.034,0.261
2019,50,Beautiful People,Ed Sheeran,70eFcWOvlMObDhURTqT4Fv,0.64,0.647,0.186,-8.114,92.979,0.546
2019,51,Wake Up in the Sky,Gucci Mane,0QIjsbm2fh1cJ45XO9eGqq,0.8,0.578,0.0485,-5.144,143.01,0.367
2019,52,Whiskey Glasses,Morgan Wallen,6foY66mWZN0pSRjZ408c00,0.614,0.68,0.0289,-4.58,149.959,0.707
2019,53,God's Country,Blake Shelton,10JCxCVGERF8dG5X8KxGeW,0.537,0.754,0.0399,-5.102,139.986,0.212
2019,54,Be Alright,Dean Lewis,5qrSlOut2rNAWv3ubArkNy,0.551,0.537,0.034,-7.595,126.421,0.493
2019,55,Pure Water,Mustard ,3j84U36KvLeXNDPv4t5pI8,0.68,0.559,0.127,-5.545,202.018,0.135
2019,56,The Git Up,Blanco Brown,01tA4XmJ4fGQNwti6b2hPm,0.847,0.678,0.109,-8.635,97.984,0.811
2019,57,Taki Taki,DJ Snake ,4w8niZpiMy6qz1mntFA5uM,0.842,0.801,0.228,-4.167,95.881,0.617
2019,58,Close to Me,Ellie Goulding,2GjMaJ7DacMIkgoe8oMXGg,0.572,0.75,0.0604,-5.042,144.081,0.475
2019,59,Envy Me,Calboy,7rvyVWja33WG9R97oeJAjx,0.74,0.488,0.27,-7.664,149.042,0.584
2019,60,You Say,Lauren Daigle,6Up545NUflOiXo8cEraH49,0.494,0.632,0.0342,-6.89,147.873,0.0797
2019,61,"Hey Look Ma, I Made It",Panic! at the Disco,22oEJW6r2rMb9z4IntfyEa,0.577,0.833,0.0695,-3.337,107.936,0.58
2019,62,Circles,Post Malone,21jGcNKet2qwijlDFuPiPb,0.695,0.763,0.0396,-3.497,120.042,0.551
2019,63,Beer Never Broke My Heart,Luke Combs,7aEtlGHoiPAfRB084NiDmx,0.538,0.863,0.0481,-4.483,77.001,0.637
2019,64,The London,Young Thug,7DcvwMAiqKJQD1rrdfxSDx,0.796,0.586,0.147,-6.946,97.981,0.179
2019,65,Con Calma,Daddy Yankee,5w9c2J52mkdntKOmRLeM2m,0.737,0.86,0.0593,-2.652,93.989,0.656
2019,66,Murder on My Mind,YNW Melly,7eBqSVxrzQZtK2mmgRG6lC,0.759,0.73,0.0516,-7.985,115.007,0.74
2019,67,When the Party's Over,Billie Eilish,43zdsphuZLzwA9k4DJhU0I,0.367,0.111,0.0972,-14.084,82.642,0.198
2019,68,Act Up,City Girls,3A2yGHWIzmGEIolwonU69h,0.938,0.638,0.189,-4.713,97.075,0.313
2019,69,I Like It,Cardi B,58q2HKrzhC3ozto2nDdN4z,0.816,0.726,0.129,-3.998,136.048,0.65
2019,70,Trampoline,Shaed,0lsRatBUs9HNIZAmoGABzk,0.689,0.412,0.0301,-7.523,126.754,0.537
2019,71,Leave Me Alone,Flipp Dinero,6V7g6qM8wheMivMWrzbPTM,0.792,0.743,0.0851,-2.806,150.024,0.742
2019,72,Breathin,Ariana Grande,4OafepJy2teCjYJbvFE60J,0.568,0.656,0.0433,-5.413,100.049,0.364
2019,73,Bury a Friend,Billie Eilish,4SSnFejRGlZikf02HLewEF,0.905,0.389,0.332,-14.505,120.046,0.196
2019,74,Close Friends,Lil Baby,5nzhL67GpF9szXWg5y509A,0.669,0.578,0.374,-4.669,158.969,0.7
2019,75,Baby Shark,Pinkfong,5ygDXis42ncn6kYG14lEVG,0.829,0.886,0.112,-1.746,115.056,0.777
2019,76,My Type,Saweetie,5KBARWIxeMGkvUax9VtVC9,0.899,0.811,0.258,-6.294,105.038,0.587
2019,77,Worth It,YK Osiris,0PQoUlzP7ILdcrzpajHXc0,0.749,0.535,0.0637,-4.054,124.004,0.459
2019,78,Only Human,Jonas Brothers,0DiDStADDVh3SvAsoJAFMk,0.795,0.496,0.0721,-5.883,94.01,0.873
2019,79,Knockin' Boots,Luke Bryan,2opQESZb7JsRKCvWMBPeuv,0.728,0.682,0.217,-3.749,131.901,0.644
2019,80,Trip,Ella Mai,6CTWathupIiDs7U4InHnDA,0.477,0.609,0.144,-5.628,79.884,0.357
2019,81,Rumor,Lee Brice,56eGOeSsqdg3FLxdo83TwV,0.655,0.56,0.0486,-6.857,140.975,0.599
2019,82,Swervin,A Boogie wit da Hoodie,1wJRveJZLSb1rjhnUHQiv6,0.581,0.662,0.303,-5.239,93.023,0.434
2019,83,How Do You Sleep?,Sam Smith,6b2RcmUt1g9N9mQ3CbjX2Y,0.561,0.682,0.0856,-4.931,165.944,0.359
2019,84,Baby,Lil Baby ,78QR3Wp35dqAhFEc2qAGjE,0.897,0.662,0.292,-6.903,112.509,0.39
2019,85,Look What God Gave Her,Thomas Rhett,2KqJC0koTBUyDlsMt5ok1V,0.739,0.849,0.0308,-3.967,112.999,0.882
2019,86,Good as You,Kane Brown,19kUPdKTp85q9RZNwaXM15,0.626,0.516,0.0388,-6.05,153.653,0.769
2019,87,Clout,Offset ,59ywHNwwchG4nZJMLyxSzd,0.919,0.622,0.0997,-7.384,140.022,0.423
2019,88,Love Lies,Khalid ,45Egmo7icyopuzJN0oMEdk,0.708,0.648,0.0449,-5.626,143.955,0.338
2019,89,One Thing Right,Marshmellow,4hPpVbbakQNv8YTHYaOJP4,0.659,0.625,0.045,-2.253,88.042,0.442
2019,90,Cash Shit,Megan Thee Stallion ,2rMAtCaTj16NptyVfEIeAC,0.921,0.635,0.416,-4.904,130.028,0.549
2019,91,Tequila,Dan + Shay,42fw0rxRO2xbesF6mJfd4Y,0.489,0.581,0.0281,-5.731,86.016,0.494
2019,92,Shotta Flow,NLE Choppa,5OFlp1fOrfiSXOjw4wuSgy,0.893,0.514,0.424,-4.776,120.077,0.555
2019,93,Hot Girl Summer,Megan Thee Stallion ,5N1o6d8zGcSZSeMFkOUQOk,0.872,0.814,0.155,-4.568,98.985,0.57
2019,94,Talk You Out of It,Florida Georgia Line,4qQwGRtGT7l6ckQtdPEFd4,0.651,0.708,0.0376,-4.791,119.964,0.558
2019,95,Beautiful,Bazzi ,4VUwkH455At9kENOfzTqmF,0.638,0.717,0.0337,-4.722,100.027,0.249
2019,96,Eyes on You,Chase Rice,4w95iGC6NrxZJ5o3D7bWyV,0.34,0.652,0.0427,-6.982,88.783,0.464
2019,97,All to Myself,Dan + Shay,08tq1XcHwVt5PHXUo87i0D,0.646,0.781,0.0313,-4.616,94.975,0.565
2019,98,Boyfriend,Ariana Grande,0Ryd8975WihbObpp5cPW1t,0.4,0.795,0.461,-3.731,190.097,0.702
2019,99,Walk Me Home,Pink,7DHApOHsIFo7EyfieArYGE,0.652,0.453,0.0445,-6.119,88.039,0.432
2019,100,Robbery,Juice Wrld,6iaSML1PIYq936g62BDtBq,0.623,0.692,0.0504,-5.122,79.899,0.566
2020,1,Blinding Lights,The Weeknd,0VjIjW4GlUZAMYd2vXMi3b,0.513,0.73,0.0598,-5.94,171.001,0.334
2020,2,Circles,Post Malone,21jGcNKet2qwijlDFuPiPb,0.695,0.763,0.0396,-3.497,120.042,0.551
2020,3,The Box,Roddy Ricch,0nbXyq5TXYPCO7pr3N8S4I,0.896,0.586,0.0559,-6.687,116.971,0.642
2020,4,Don't Start Now,Dua Lipa,7cYNQkJoyHVhP8Drb2n6d5,0.726,0.588,0.0569,-12.406,114.988,0.673
2020,5,Rockstar,DaBaby,7ytR5pFWmSjzHJIeQkgog4,0.746,0.69,0.164,-7.956,89.977,0.497
2020,6,Adore You,Harry Styles,3jjujdWJ72nww5eGnfs2E7,0.676,0.771,0.0483,-3.675,99.048,0.569
2020,7,Life Is Good,Future,5yY9lUy8nbvjM1Uyo1Uqoc,0.676,0.609,0.481,-5.831,142.037,0.508
2020,8,Memories,Maroon 5,4cktbXiXOapiLBMprHFErI,0.775,0.327,0.0557,-7.241,91.05,0.595
2020,9,The Bones,Maren Morris,7yFhA2fUsL2oIMWlw5DaHQ,0.612,0.57,0.0347,-6.642,77.004,0.334
2020,10,Someone You Loved,Lewis Capaldi,7qEHsqek33rTcFNT9PFqLf,0.501,0.405,0.0319,-5.679,109.891,0.446
2020,11,Say So,Doja Cat,3Dv1eDb0MEgF93GpLXlucZ,0.787,0.673,0.159,-4.583,110.962,0.779
2020,12,I Hope,Gabby Barrett ,23T0OX7QOiIUFShSzbJ5Uo,0.466,0.536,0.0429,-6.227,75.998,0.377
2020,13,Whats Poppin,Jack Harlow ,1jaTQ3nqY3oAAYyCTbIvnM,0.923,0.604,0.245,-6.671,145.062,0.826
2020,14,Dance Monkey,Tones and I,2XU0oxnq2qxCpomAAuJY8K,0.824,0.588,0.0924,-6.4,98.027,0.513
2020,15,Savage,Megan Thee Stallion,55CHeLEfn5iJ0IIkgaa4si,0.843,0.741,0.334,-5.609,168.983,0.68
2020,16,Roxanne,Arizona Zervas,696DnlkuDOXcMAnKlTgXXK,0.621,0.601,0.148,-5.616,116.735,0.457
2020,17,Intentions,Justin Bieber ,4umIPjkehX1r7uhmGvXiSV,0.806,0.546,0.0579,-6.637,147.988,0.875
2020,18,Everything I Wanted,Billie Eilish,3ZCTVFBt2Brf31RLEnCkWJ,0.704,0.225,0.0994,-14.454,120.006,0.243
2020,19,Roses (Imanbek remix),Saint Jhn,72GVdRHK49beKrC1NqRCqj,0.785,0.721,0.0506,-5.457,121.962,0.894
2020,20,Watermelon Sugar,Harry Styles,6UelLqGlWMcVH1E5c4H7lY,0.548,0.816,0.0465,-4.209,95.39,0.557
2020,21,Before You Go,Lewis Capaldi,2gMXnyrvIjhVBUZwvLZDMP,0.459,0.574,0.0577,-4.857,111.881,0.183
2020,22,Falling,Trevor Daniel,0Aqi7ArnBrGblW5T6p2jmD,0.785,0.431,0.0364,-8.756,127.085,0.236
2020,23,"10,000 Hours",Dan + Shay,2wrJq5XKLnmhRXHIAf9xBa,0.654,0.63,0.0259,-4.644,89.991,0.43
2020,24,WAP,Cardi B ,4Oun2ylbjFKMPTiaSbbCih,0.935,0.454,0.375,-7.509,133.073,0.357
2020,25,Ballin',Mustard ,3QzAOrNlsabgbMwlZt7TAY,0.809,0.545,0.0734,-6.678,97.008,0.244
2020,26,Hot Girl Bummer,Blackbear,6jRq8gaZhMUyy5RclRPcAf,0.782,0.559,0.0767,-7.106,129.992,0.685
2020,27,Blueberry Faygo,Lil Mosey,22LAwLoDA5b4AaGSkg6bKW,0.774,0.554,0.0383,-7.909,99.034,0.349
2020,28,Heartless,The Weeknd,6bnF93Rx87YqUBLSgjiMU8,0.537,0.746,0.15,-5.507,170.083,0.252
2020,29,Bop,DaBaby,6Ozh9Ok6h4Oi1wUSLtBseN,0.769,0.787,0.367,-3.909,126.77,0.836
2020,30,Lose You to Love Me,Selena Gomez,4l0Mvzj72xxOpRrp6h8nHi,0.516,0.342,0.0425,-8.985,102.819,0.0993
2020,31,Good as Hell,Lizzo,6KgBpzTuTRPebChN0VTyzV,0.682,0.919,0.0875,-3.18,95.982,0.535
2020,32,Toosie Slide,Drake,127QTOFJsJQp5LbJbu3A1y,0.834,0.454,0.201,-9.75,81.618,0.837
2020,33,Break My Heart,Dua Lipa,017PF4Q3l4DBUiWoXk4OWT,0.73,0.729,0.0884,-3.434,113.011,0.467
2020,34,Chasin' You,Morgan Wallen,5MwynWK9s4hlyKHqhkNn4A,0.631,0.591,0.0277,-5.785,97.074,0.489
2020,35,Savage Love (Laxed – Siren Beat),Jawsh 685 ,4TgxFMOn5yoESW6zCidCXL,0.758,0.598,0.0868,-5.695,149.836,0.658
2020,36,No Guidance,Chris Brown,6XHVuErjQ4XNm6nDPVCxVX,0.696,0.454,0.153,-6.756,92.928,0.136
2020,37,My Oh My,Camila Cabello ,3yOlyBJuViE2YSGn3nVE1K,0.724,0.491,0.0296,-6.024,105.046,0.383
2020,38,Dynamite,BTS,5QDLhrAOJJdNAmCTJ8xMyW,0.746,0.765,0.0993,-4.41,114.044,0.737
2020,39,Go Crazy,Chris Brown ,1IIKrJVP1C9N7iPtG6eOsK,0.755,0.578,0.145,-8.932,94.148,0.581
2020,40,High Fashion,Roddy Ricch ,07KXEDMj78x68D884wgVEm,0.831,0.499,0.114,-8.442,97.956,0.511
2020,41,Laugh Now Cry Later,Drake ,2SAqBLGA283SUiwJ3xOUVI,0.761,0.518,0.134,-8.871,133.976,0.522
2020,42,Woah,Lil Baby,02RCbjb9czvQKNGBmEmWob,0.883,0.599,0.248,-5.551,142.976,0.413
2020,43,Death Bed,Powfu,7eJMfftS33KTjuF7lTsMCx,0.726,0.431,0.135,-8.765,144.026,0.348
2020,44,Señorita,Shawn Mendes ,6v3KW9xbzN5yKLt9YKDYA2,0.759,0.548,0.0289,-6.049,116.963,0.75
2020,45,Highest in the Room,Travis Scott,3eekarcy7kvN4yt5ZFzltW,0.598,0.427,0.0317,-8.764,76.469,0.0605
2020,46,Bad Guy,Billie Eilish,2Fxmhks0bxGSBdJ92vM42m,0.701,0.425,0.375,-10.965,135.128,0.562
2020,47,Mood,24kGoldn,4jPy3l0RUwlUI9T5XHBW2m,0.701,0.716,0.0361,-3.671,91.007,0.732
2020,48,Rain on Me,Lady Gaga ,7ju97lgwC2rKQ6wwsf9no9,0.672,0.855,0.0397,-3.764,123.056,0.646
2020,49,For the Night,Pop Smoke,0PvFJmanyNQMseIFrU708S,0.823,0.586,0.2,-6.606,125.971,0.347
2020,50,Ritmo (Bad Boys for Life),Black Eyed Peas ,6cy3ki60hLwimwIje7tALf,0.721,0.716,0.0657,-7.037,104.994,0.667
2020,51,Heart on Ice,Rod Wave,591ks2A0o7ratTpiRdI7M6,0.732,0.387,0.0741,-8.47,157.875,0.242
2020,52,Nobody but You,Blake Shelton,5M8goiFYynmNxhueYW6grR,0.463,0.653,0.0273,-5.515,143.912,0.233
2020,53,Trampoline,Shaed,0lsRatBUs9HNIZAmoGABzk,0.689,0.412,0.0301,-7.523,126.754,0.537
2020,54,Come & Go,Juice Wrld ,2Y0wPrPQBrGhoLn14xRYCG,0.625,0.814,0.0657,-5.181,144.991,0.535
2020,55,Truth Hurts,Lizzo,3HWzoMvoF3TQfYg4UPszDq,0.715,0.624,0.114,-3.046,158.087,0.412
2020,56,If the World Was Ending,JP Saxe,2kJwzbxV2ppxnQoYw4GLBZ,0.464,0.473,0.129,-10.086,75.801,0.604
2020,57,We Paid,Lil Baby,6gxKUmycQX7uyMwJcweFjp,0.926,0.542,0.293,-5.064,135.14,0.564
2020,58,Yummy,Justin Bieber,16wAOAZ2OkqoIDN7TpChjR,0.677,0.506,0.0964,-6.652,145.843,0.497
2020,59,One Man Band,Old Dominion,7cA3PnUQDlUyBBwpRozQeo,0.706,0.358,0.0347,-8.331,75.991,0.478
2020,60,Got What I Got,Jason Aldean,4TCc369aRPRubv1m8R1TBG,0.512,0.582,0.029,-6.658,159.846,0.303
2020,61,Sunday Best,Surfaces,1qYKWcEOrh2tM8PlgIm8K1,0.869,0.555,0.0454,-5.984,112.003,0.738
2020,62,Godzilla,Eminem,7FIWs0pqAYbP91WWM0vlTQ,0.808,0.745,0.342,-5.26,165.995,0.829
2020,63,Bandit,Juice Wrld,1oWM79mUVdZGCGYjSirHZR,0.474,0.631,0.343,-5.884,180.056,0.424
2020,64,Party Girl,StaySolidRocky,3IJYUaN3tx04S4TYyZHKoP,0.73,0.439,0.0609,-9.864,130.09,0.615
2020,65,Die from a Broken Heart,Maddie & Tae,3DA4SE262k6rdEtlHteNyq,0.596,0.522,0.0358,-6.633,76.043,0.443
2020,66,Popstar,DJ Khaled,6EDO9iiTtwNv6waLwa1UUq,0.8,0.56,0.261,-4.818,163.071,0.45
2020,67,All I Want for Christmas Is You,Mariah Carey,0bYg9bo50gSsH3LtXe2SQn,0.336,0.627,0.0384,-7.463,150.273,0.35
2020,68,One of Them Girls,Lee Brice,6uyiyatWPCqC59Mm4rO8xL,0.643,0.79,0.0461,-6.079,95.981,0.808
2020,69,Hard to Forget,Sam Hunt,10xuH52YSXHWFwCaF1fsDd,0.689,0.689,0.045,-5.517,130.069,0.664
2020,70,One Margarita,Luke Bryan,1Y3TlYJNhIa7k4YAvFkJAB,0.641,0.842,0.0464,-4.872,89.997,0.738
2020,71,Panini,Lil Nas X,1000nHvUdawXuUHgBod4Wv,0.703,0.594,0.0752,-6.146,153.848,0.475
2020,72,Hot,Young Thug ,4ea9w8c4ROqiZpJVhfBA3m,0.845,0.631,0.216,-8.206,111.983,0.545
2020,73,I Hope You're Happy Now,Carly Pearce ,0Al3wN3keprGTSgG8NBwjr,0.591,0.814,0.0365,-4.725,118.036,0.313
2020,74,Emotionally Scarred,Lil Baby,7ge7BHazYbVKi8qyZUX1Bm,0.585,0.641,0.133,-4.269,88.284,0.266
2020,75,Suicidal,YNW Melly ,1iSqfoUFnQwV0QW1EfUit8,0.735,0.369,0.0688,-9.682,140.004,0.235
2020,76,The Bigger Picture,Lil Baby,44gRhRi2OhEf7moAUj6MD1,0.59,0.618,0.334,-5.756,96.459,0.153
2020,77,Only Human,Jonas Brothers,0DiDStADDVh3SvAsoJAFMk,0.795,0.496,0.0721,-5.883,94.01,0.873
2020,78,The Woo,Pop Smoke ,1H7KnK26kc1YyellpbINEn,0.49,0.618,0.104,-5.655,99.7,0.286
2020,79,Sum 2 Prove,Lil Baby,5f4Hy5mw5SRaUgXX9c6P5S,0.827,0.552,0.274,-7.571,124.011,0.408
2020,80,Stuck with U,Ariana Grande ,4HBZA5flZLE435QTztThqH,0.597,0.45,0.0418,-6.658,178.765,0.537
2020,81,Mood Swings,Pop Smoke,5rZlwNFl01HqLWBQGryKSm,0.48,0.602,0.368,-6.335,179.798,0.269
2020,82,You Should Be Sad,Halsey,7lidXGPXPYLNThITAOTlkK,0.591,0.585,0.0276,-6.35,110.943,0.323
2020,83,Dior,Pop Smoke,79s5XnCN4TJKTVMSmOx8Ep,0.548,0.805,0.351,-5.732,142.096,0.649
2020,84,Supalonely,Benee ,4nK5YrxbMGZstTLbvj6Gxw,0.863,0.63,0.0537,-4.688,128.977,0.816
2020,85,Even Though I'm Leaving,Luke Combs,5Fhe63YOMZsGdB3CgCDuBi,0.554,0.755,0.0319,-6.04,77.962,0.624
2020,86,The Scotts,Travis Scott,16md1HDsNvuPrOITC5pdyW,0.452,0.372,0.085,-16.368,90.73,0.38
2020,87,Juicy,Doja Cat,7f5trao56t7sB7f14QDTmp,0.785,0.652,0.0668,-2.607,170.024,0.484
2020,88,Be Like That,Kane Brown,5f1joOtoMeyppIcJGZQvqJ,0.727,0.626,0.0726,-8.415,86.97,0.322
2020,89,Homesick,Kane Brown,30RZAuEkYeDXvy46Iv6l7E,0.701,0.5,0.0303,-8.82,97.028,0.409
2020,90,Rags2Riches,Rod Wave ,40TPiJpvwGIyvPjJMDTKfy,0.874,0.443,0.241,-9.628,118.004,0.298
2020,91,Bluebird,Miranda Lambert,0kPeZAyIhIfeZNrtfjJGDB,0.661,0.633,0.0348,-5.986,81.984,0.613
2020,92,Wishing Well,Juice Wrld,2U5WueTLIK5WJLD7mvDODv,0.65,0.613,0.128,-6.13,149.972,0.0804
2020,93,Does to Me,Luke Combs,0nGXi46VcQQ56ZJR428MKS,0.616,0.849,0.0373,-4.897,113.065,0.638
2020,94,Pussy Fairy (OTW),Jhené Aiko,48KXAIruJ07kJVCWOGohMV,0.572,0.519,0.212,-7.092,128.331,0.35
2020,95,ILY (I Love You Baby),Surf Mesa ,62aP9fBQKYKxi7PDXwcUAS,0.674,0.774,0.0892,-7.567,112.05,0.33
2020,96,More Than My Hometown,Morgan Wallen,5OELUCYgOHKFAvCERnAvfS,0.62,0.869,0.0462,-5.479,126.019,0.597
2020,97,Lovin' on You,Luke Combs,0nYvjcSlCgjcwogQAwIwNp,0.572,0.949,0.06,-4.865,118.974,0.53
2020,98,Said Sum,Moneybagg Yo,3sKz6Sd72K0ofPWcJPPk6H,0.929,0.667,0.353,-6.789,126.998,0.274
2020,99,Slide,H.E.R.,2rTnVB1bvwxHtaIl4uVu7f,0.832,0.469,0.339,-9.141,97.023,0.197
2020,100,Walk Em Down,NLE Choppa,1Z0cZI0UzNbP9L8MzzGxqf,0.867,0.744,0.227,-5.171,84.005,0.645
2021,1,Levitating,Dua Lipa,5nujrmhLynf4yMoMtj8AQF,0.702,0.825,0.0601,-3.787,102.977,0.915
2021,2,Save Your Tears,The Weeknd ,5QO79kh1waicV47BqGRL3g,0.679,0.825,0.0309,-5.487,118.049,0.644
2021,3,Blinding Lights,The Weeknd,0VjIjW4GlUZAMYd2vXMi3b,0.513,0.73,0.0598,-5.94,171.001,0.334
2021,4,Mood,24kGoldn,4jPy3l0RUwlUI9T5XHBW2m,0.701,0.716,0.0361,-3.671,91.007,0.732
2021,5,Good 4 U,Olivia Rodrigo,4ZtFanR9U6ndgddUvNcjcG,0.563,0.664,0.154,-5.044,166.928,0.688
2021,6,Kiss Me More,Doja Cat,3DarAbFujv6eYNliUTyqtz,0.764,0.705,0.0284,-3.463,110.97,0.781
2021,7,Leave the Door Open,Bruno Mars ,02VBYrHfVwfEWXk5DXyf0T,0.586,0.616,0.0324,-7.964,148.088,0.719
2021,8,Drivers License,Olivia Rodrigo,5wANPM4fQCJwkGd4rN57mH,0.561,0.431,0.0578,-8.81,143.875,0.137
2021,9,Montero (Call Me by Your Name),Lil Nas X,1SC5rEoYDGUK4NfG82494W,0.593,0.503,0.22,-6.725,178.781,0.71
2021,10,Peaches,Justin Bieber ,4iJyoBOLtHqaGxP12qzhQI,0.677,0.696,0.119,-6.181,90.03,0.464
2021,11,Butter,BTS,6jjYDGxVJsWS0a5wlVF5vS,0.759,0.459,0.0948,-5.187,109.997,0.695
2021,12,Stay,The Kid Laroi ,5HCyWlXZPP0y6Gqq8TgA20,0.591,0.764,0.0483,-5.484,169.928,0.478
2021,13,Deja Vu,Olivia Rodrigo,6HU7h9RYOaPRFeh0R3UeAr,0.442,0.612,0.112,-7.222,180.917,0.178
2021,14,Positions,Ariana Grande,35mvY5S1H3J2QZyna3TFe0,0.737,0.802,0.0878,-4.771,144.015,0.682
2021,15,Bad Habits,Ed Sheeran,3rmo8F54jFF8OgYsqTxm5d,0.807,0.893,0.0347,-3.745,126.011,0.537
2021,16,Heat Waves,Glass Animals,3USxtqRwSYz57Ewm6wWRMp,0.761,0.525,0.0944,-6.9,80.87,0.531
2021,17,Without You,The Kid Laroi,1KMkcUvF7m3SDChDOa7i5L,0.662,0.413,0.0299,-7.357,93.005,0.467
2021,18,Forever After All,Luke Combs,6IBcOGPsniK3Pso1wHIhew,0.487,0.65,0.0253,-5.195,151.964,0.456
2021,19,Go Crazy,Chris Brown,1IIKrJVP1C9N7iPtG6eOsK,0.755,0.578,0.145,-8.932,94.148,0.581
2021,20,Astronaut in the Ocean,Masked Wolf,3Ofmpyhv5UAQ70mENzB277,0.778,0.695,0.0913,-6.865,149.996,0.472
2021,21,34+35,Ariana Grande ,6Im9k8u9iIzKMrmV7BWtlF,0.83,0.585,0.094,-6.476,109.978,0.485
2021,22,What You Know Bout Love,Pop Smoke,1tkg4EHVoqnhR6iFEXb60y,0.709,0.548,0.353,-8.493,83.995,0.543
2021,23,My Ex's Best Friend,Machine Gun Kelly ,7kDUspsoYfLkWnZR7qwHZl,0.731,0.675,0.0434,-5.134,124.939,0.298
2021,24,Industry Baby,Lil Nas X ,27NovPIUIRrOZoCHxABJwK,0.736,0.704,0.0615,-7.409,149.995,0.894
2021,25,Therefore I Am,Billie Eilish,20R4HfKloPKgXDqU7UKk3x,0.879,0.365,0.0924,-7.781,94.016,0.663
2021,26,Up,Cardi B,1M4OcYkxAtu3ErzSgDEfoi,0.868,0.795,0.269,-6.044,166,0.819
2021,27,Fancy Like,Walker Hayes,58UKC45GPNTflCN6nwCUeF,0.647,0.765,0.06,-6.459,79.994,0.855
2021,28,Dakiti,Bad Bunny ,47EiUVwUp4C9fGccaPuUCS,0.731,0.573,0.0544,-10.059,109.928,0.145
2021,29,Best Friend,Saweetie ,20BOju91NaEFK5Py4VJ2pp,0.84,0.766,0.136,-4.12,94.018,0.402
2021,30,Rapstar,Polo G,18vXApRmJSgQ6wG2ll9AOg,0.789,0.536,0.242,-6.862,81.039,0.437
2021,31,Heartbreak Anniversary,Giveon,3FAJ6O0NOHQV8Mc5Ri6ENp,0.449,0.465,0.0791,-8.964,89.087,0.543
2021,32,For the Night,Pop Smoke ,0PvFJmanyNQMseIFrU708S,0.823,0.586,0.2,-6.606,125.971,0.347
2021,33,Calling My Phone,Lil Tjay ,3J8EOeKLTLXORtWPpOU5bE,0.907,0.393,0.0539,-7.636,104.949,0.202
2021,34,Beautiful Mistakes,Maroon 5 ,5zFglKYiknIxks8geR8rcL,0.713,0.676,0.027,-5.483,99.048,0.721
2021,35,Holy,Justin Bieber ,5u1n1kITHCxxp8twBcZxWy,0.673,0.704,0.36,-8.056,86.919,0.372
2021,36,On Me,Lil Baby,4Iedi94TIaB2GGb1nMB68v,0.856,0.564,0.392,-6.295,77.972,0.483
2021,37,You Broke Me First,Tate McRae,4l0RmWt52FxpVxMNni6i63,0.66,0.379,0.0543,-9.357,124.027,0.0762
2021,38,Traitor,Olivia Rodrigo,5CZ40GBx1sQ9agT82CLQCT,0.38,0.339,0.0338,-7.885,100.607,0.0849
2021,39,Back in Blood,Pooh Shiesty ,7FGdjbZ32vMybPuP0IuE7d,0.759,0.538,0.384,-8.256,146.933,0.831
2021,40,I Hope,Gabby Barrett ,23T0OX7QOiIUFShSzbJ5Uo,0.466,0.536,0.0429,-6.227,75.998,0.377
2021,41,Dynamite,BTS,5QDLhrAOJJdNAmCTJ8xMyW,0.746,0.765,0.0993,-4.41,114.044,0.737
2021,42,Wockesha,Moneybagg Yo,0nqhKXDjsyBMvbeWmgijD0,0.582,0.537,0.619,-9.229,82.103,0.771
2021,43,You Right,Doja Cat,0k4d5YPDr1r7FX77VdqWez,0.828,0.621,0.0565,-6.414,128.986,0.436
2021,44,"Beat Box 2 / ""Beat Box 3""",DaBaby,6toQdWWc4noiOk3Eo5mVDS,0.853,0.426,0.374,-6.812,160.051,0.201
2021,45,Laugh Now Cry Later,Drake ,2SAqBLGA283SUiwJ3xOUVI,0.761,0.518,0.134,-8.871,133.976,0.522
2021,46,Need to Know,Doja Cat,3Vi5XqYrmQgOYBajMWSvCi,0.664,0.609,0.0707,-6.509,130.041,0.194
2021,47,Wants and Needs,Drake ,65OVbaJR5O1RmwOQx0875b,0.578,0.449,0.286,-6.349,136.006,0.1
2021,48,Way 2 Sexy,Drake,0k1WUmIRnG3xU6fvvDVfRG,0.803,0.597,0.141,-6.035,136.008,0.331
2021,49,Telepatía,Kali Uchis,6tDDoYIxWvMLTdKpjFkc1B,0.653,0.524,0.0502,-9.016,83.97,0.553
2021,50,Whoopty,CJ,5vGLcdRuSbUhD8ScwsGSdA,0.719,0.648,0.125,-7.6,140.201,0.66
2021,51,Lemonade,Internet Money,1p0rEzrK7YtdRZVtiyV7RN,0.8,0.658,0.079,-6.142,140.042,0.462
2021,52,Good Days,SZA,3YJJjQPAbDT7mGpX3WtQ9A,0.436,0.655,0.0583,-8.37,121.002,0.412
2021,53,Starting Over,Chris Stapleton,3K07bGe8iljQ3mOKArHLDo,0.638,0.538,0.0315,-8.445,89.124,0.318
2021,54,Body,Megan Thee Stallion,0A1hoCfMLkiAgvhWkkucJa,0.914,0.732,0.241,-6.1,94.066,0.469
2021,55,Willow,Taylor Swift,0lx2cLdOt3piJbcaXIV74f,0.392,0.574,0.17,-9.195,81.112,0.529
2021,56,Bang!,AJR,4SQLQfcR0vhyIN4uPBlc0d,0.74,0.517,0.0506,-6.233,139.917,0.698
2021,57,Better Together,Luke Combs,6gdLyYNuhWBzqwlOFSsXC7,0.552,0.225,0.0477,-11.501,138.002,0.67
2021,58,You're Mines Still,Yung Bleu,3q6TQTEbiLNv3RfNQfPgo3,0.575,0.609,0.121,-4.88,83.004,0.339
2021,59,Every Chance I Get,DJ Khaled ,1EJIcDYXwSqipW5dFe4uJz,0.477,0.727,0.286,-4.053,150.062,0.227
2021,60,Essence,Wizkid ,5FG7Tl93LdH117jEKYl3Cm,0.849,0.707,0.113,-6.002,104.027,0.602
2021,61,Chasing After You,Ryan Hurd ,3MkXV52jXtsG4pvKp4cGE8,0.601,0.675,0.0399,-6.358,131.933,0.446
2021,62,The Good Ones,Gabby Barrett,3hLuHKzG1cmlRpq53ZVWd8,0.519,0.552,0.0259,-5.023,89.957,0.331
2021,63,Leave Before You Love Me,Marshmello,4qu63nuBpdn0qHUHuObEj1,0.721,0.738,0.0403,-4.77,119.976,0.637
2021,64,Glad You Exist,Dan + Shay,3oV2RVOmwdWdf9BmGS4Oad,0.741,0.499,0.0356,-8.035,103.96,0.692
2021,65,Lonely,Justin Bieber,3S8jK1mGzQi24ilFb45DAZ,0.619,0.241,0.046,-7.102,79.461,0.0719
2021,66,Beggin',Måneskin,3Wrjm47oTz2sjIgck11l5e,0.714,0.8,0.0504,-4.808,134.002,0.589
2021,67,Streets,Doja Cat,60ynsPSSKe6O3sfwRnIBRf,0.749,0.463,0.0842,-8.433,90.035,0.189
2021,68,What's Next,Drake,3aQem4jVGdhtg116TmJnHz,0.781,0.594,0.0485,-6.959,129.895,0.0628
2021,69,Famous Friends,Chris Young ,00KyYtT6NaXwbPecina5Pj,0.535,0.859,0.0344,-2.922,102.008,0.698
2021,70,Lil Bit,Nelly ,0NmuYnjETG3u3qx0OmEJev,0.707,0.689,0.0387,-7.097,119.987,0.41
2021,71,Thot Shit,Megan Thee Stallion,5zNW5ARjYhJQJz1AChP33n,0.95,0.693,0.0898,-3.424,130.02,0.891
2021,72,Late at Night,Roddy Ricch,6kksmL4t09IgxhajuVDDxR,0.621,0.405,0.437,-11.26,98.427,0.141
2021,73,Kings & Queens,Ava Max,7a53HqqArd4b9NF4XAmlbI,0.637,0.69,0.0405,-4.057,129.857,0.457
2021,74,Anyone,Justin Bieber,2WnAKZefdRHxtBEkRjFOHC,0.685,0.521,0.0345,-8.285,115.885,0.578
2021,75,Track Star,Mooski,5hChuUMe5iHfjkXgzj1D4b,0.641,0.598,0.324,-5.7,131.459,0.285
2021,76,Time Today,Moneybagg Yo,0YrKSfpvflYnLSBd4Jtu6J,0.912,0.608,0.397,-7.686,136.994,0.327
2021,77,Cry Baby,Megan Thee Stallion,4aarlAfLKVCTxUDNgbwhjH,0.957,0.437,0.359,-7.882,130.058,0.616
2021,78,All I Want for Christmas Is You,Mariah Carey,0bYg9bo50gSsH3LtXe2SQn,0.336,0.627,0.0384,-7.463,150.273,0.35
2021,79,No More Parties,Coi Leray ,3R6wLBD4oU6op8L4YfMho9,0.847,0.405,0.584,-10.901,156.999,0.588
2021,80,What's Your Country Song,Thomas Rhett,4oR2cCQGs0Yt0Mgr2diV6V,0.359,0.706,0.0309,-6.151,174.079,0.479
2021,81,One Too Many,Keith Urban ,5NUXE8W12lWcUXgJRCjeEw,0.697,0.535,0.068,-6.504,82.959,0.594
2021,82,Arcade,Duncan Laurence,1Xi84slp6FryDSCbzq4UCD,0.459,0.331,0.0421,-12.603,72.023,0.271
2021,83,Yonaguni,Bad Bunny,2JPLbjOn0wPCngEot2STUS,0.644,0.648,0.118,-4.601,179.951,0.44
2021,84,Good Time,Niko Moon,2S8UMuLJ0z8agFgFGJ6Ztt,0.802,0.59,0.0493,-7.189,138.084,0.687
2021,85,If I Didn't Love You,Jason Aldean ,7IYoh1u7dFM1xIWSEYd5B8,0.452,0.683,0.0337,-4.829,183.937,0.445
2021,86,Knife Talk,Drake,2BcMwX1MPV6ZHP4tUT9uq6,0.849,0.424,0.324,-9.579,145.887,0.153
2021,87,POV,Ariana Grande,3UoULw70kMsiVXxW0L3A33,0.487,0.534,0.0555,-5.664,131.798,0.173
2021,88,Just the Way,Parmalee ,4h5OVQQbeqw3lNaFIbmlzG,0.54,0.796,0.0412,-3.335,90.033,0.783
2021,89,Take My Breath,The Weeknd,2vgUijXOTRMnWXDtvgMp2b,0.698,0.769,0.0368,-7.154,121.02,0.354
2021,90,We're Good,Dua Lipa,5Ja8ZlVexmTQKbWAQgZ3f0,0.786,0.747,0.0614,-6.996,125.057,0.471
2021,91,Hell of a View,Eric Church,4mXGooManGPH6xAWRAtRJU,0.689,0.592,0.0235,-6.758,98.997,0.919
2021,92,Rockin' Around the Christmas Tree,Brenda Lee,2EjXfH91m7f8HiJN1yQg97,0.598,0.47,0.0496,-8.744,67.086,0.879
2021,93,Put Your Records On,Ritt Momney,6AGOKlMZWLCaEJGnaROtF9,0.399,0.491,0.0538,-10.778,91.066,0.151
2021,94,Happier Than Ever,Billie Eilish,4RVwu0g32PAqgUiJoXsdF8,0.332,0.225,0.0348,-8.697,81.055,0.297
2021,95,Single Saturday Night,Cole Swindell,6LnIxE8CqkK7faQV76nEHS,0.634,0.786,0.0411,-5.093,82.003,0.653
2021,96,Things a Man Oughta Know,Lainey Wilson,3S0sk6DSTgesXsUSAEHNr5,0.659,0.683,0.0312,-5.623,139.931,0.397
2021,97,Throat Baby (Go Baby),BRS Kash,15C4TnrrVdym7UykxQIOTZ,0.878,0.475,0.324,-8.42,131.988,0.397
2021,98,Tombstone,Rod Wave,3zc8VZEpM1onYV4FWGdFvm,0.55,0.637,0.163,-5.212,84.448,0.535
2021,99,Drinkin' Beer. Talkin' God. Amen.,Chase Rice ,0rOVgtieEk5SoypbulRiKI,0.627,0.678,0.0294,-4.691,100.032,0.724
2021,100,Todo de Ti,Rauw Alejandro,3rdAz1fbUfZxYgaCviYhRo,0.78,0.719,0.0506,-3.613,127.962,0.336
2022,1,Heat Waves,Glass Animals,3USxtqRwSYz57Ewm6wWRMp,0.761,0.525,0.0944,-6.9,80.87,0.531
2022,2,As It Was,Harry Styles,4Dvkj6JhhA12EX05fT7y2e,0.52,0.731,0.0557,-5.338,173.93,0.662
2022,3,Stay,The Kid Laroi ,5HCyWlXZPP0y6Gqq8TgA20,0.591,0.764,0.0483,-5.484,169.928,0.478
2022,4,Easy on Me,Adele,0gplL1WMoJ6iYaPgMCL0gX,0.604,0.366,0.0282,-7.519,141.981,0.13
2022,5,Shivers,Ed Sheeran,50nfwKoDiSYg8zOCREWAm5,0.788,0.859,0.0856,-2.724,141.02,0.822
2022,6,First Class,Jack Harlow,0wHFktze2PHC5jDt3B17DC,0.902,0.582,0.109,-5.902,107.005,0.332
2022,7,Big Energy,Latto,6Zu3aw7FfjAF9WA0fA81Oq,0.935,0.807,0.114,-3.838,106.017,0.813
2022,8,Ghost,Justin Bieber,6I3mqTwhRpn34SLVafSH7G,0.601,0.741,0.0478,-5.569,153.96,0.441
2022,9,Super Gremlin,Kodak Black,4A8cWXxKfIL3lAyUDzXbCF,0.825,0.414,0.144,-6.634,72.993,0.106
2022,10,Cold Heart (Pnau Remix),Elton John ,6zSpb8dQRaw0M1dK8PBwQz,0.796,0.798,0.0317,-6.312,116.032,0.942
2022,11,Wait for U,Future ,59nOXPmaKlBfGMDeOVGrIK,0.463,0.642,0.34,-4.474,83.389,0.339
2022,12,About Damn Time,Lizzo,1PckUlxKqWQs3RlWXVBLw3,0.836,0.743,0.0656,-6.305,108.966,0.722
2022,13,Bad Habits,Ed Sheeran,3rmo8F54jFF8OgYsqTxm5d,0.807,0.893,0.0347,-3.745,126.011,0.537
2022,14,Thats What I Want,Lil Nas X,0e8nrvls4Qqv5Rfa2UhqmO,0.737,0.846,0.22,-4.51,87.981,0.546
2022,15,Enemy,Imagine Dragons ,3CIyK1V4JEJkg02E4EJnDl,0.728,0.783,0.266,-4.424,77.011,0.555
2022,16,Industry Baby,Lil Nas X,27NovPIUIRrOZoCHxABJwK,0.736,0.704,0.0615,-7.409,149.995,0.894
2022,17,ABCDEFU,Gayle,4fouWK6XVHhzl78KzQ1UjL,0.695,0.54,0.0493,-5.692,121.932,0.415
2022,18,Need to Know,Doja Cat,3Vi5XqYrmQgOYBajMWSvCi,0.664,0.609,0.0707,-6.509,130.041,0.194
2022,19,Wasted on You,Morgan Wallen,3cBsEDNhFI9E82vPj3kvi3,0.505,0.657,0.0318,-5.24,196,0.252
2022,20,Me Porto Bonito,Bad Bunny ,6Sq7ltF9Qa7SNFBsV5Cogx,0.911,0.712,0.0817,-5.105,92.005,0.425
2022,21,Woman,Doja Cat,6Uj1ctrBOjOas8xZXGqKk4,0.824,0.764,0.0854,-4.175,107.998,0.881
2022,22,Tití Me Preguntó,Bad Bunny,1IHWl5LamUGEuP4ozKQSXZ,0.65,0.715,0.253,-5.198,106.672,0.187
2022,23,Running Up That Hill (A Deal with God),Kate Bush,1PtQJZVZIdWIYdARpZRDFO,0.629,0.545,0.0546,-13.123,108.376,0.194
2022,24,We Don't Talk About Bruno,Carolina Gaitán,52xJxFP6TqMuO4Yt0eOkMz,0.577,0.45,0.0834,-8.516,205.863,0.83
2022,25,Late Night Talking,Harry Styles,1qEmFfgcLObUfQm0j1W2CK,0.714,0.728,0.0468,-4.595,114.996,0.901
2022,26,I Like You (A Happier Song),Post Malone ,0O6u0VJ46W86TxN9wgyqDj,0.733,0.67,0.0751,-6.009,100.964,0.472
2022,27,You Proof,Morgan Wallen,5W4kiM2cUYBJXKRudNyxjW,0.728,0.818,0.0329,-5.068,119.706,0.681
2022,28,Bad Habit,Steve Lacy,4k6Uh1HXdhtusDW5y8Gbvy,0.686,0.494,0.0355,-7.093,168.946,0.7
2022,29,Sunroof,Nicky Youre ,5YqEzk3C5c3UZ1D5fJUlXA,0.768,0.714,0.0401,-5.11,131.443,0.842
2022,30,One Right Now,Post Malone,00Blm7zeNqgYLPtW6zg8cj,0.687,0.781,0.053,-4.806,97.014,0.688
2022,31,Good 4 U,Olivia Rodrigo,4ZtFanR9U6ndgddUvNcjcG,0.563,0.664,0.154,-5.044,166.928,0.688
2022,32,Numb Little Bug,Em Beihold,1KQc37jezhunxnOPhvdwSG,0.742,0.527,0.0769,-6.892,84.974,0.638
2022,33,Jimmy Cooks,Drake,3F5CgOj3wFlRv51JsHbxhe,0.529,0.673,0.175,-4.711,165.921,0.366
2022,34,Til You Can't,Cody Johnson,4k3lPl8YTKuY8c1HelVnm3,0.501,0.815,0.0436,-4.865,160.087,0.46
2022,35,Fancy Like,Walker Hayes,58UKC45GPNTflCN6nwCUeF,0.647,0.765,0.06,-6.459,79.994,0.855
2022,36,The Kind of Love We Make,Luke Combs,48UKTR66uUOT9LaUvooTNx,0.608,0.745,0.0277,-4.13,102.025,0.464
2022,37,I Ain't Worried,OneRepublic,4h9wh7iOZ0GGn8QVp4RAOB,0.704,0.797,0.0475,-5.927,139.994,0.825
2022,38,Break My Soul,Beyoncé,5pyoxDZ1PX0KxBxiRVxA4U,0.693,0.887,0.0795,-5.039,114.942,0.864
2022,39,Something in the Orange,Zach Bryan,3WMj8moIAXJhHsyLaqIIHI,0.369,0.192,0.04,-12.151,175.212,0.148
2022,40,Save Your Tears,The Weeknd,5QO79kh1waicV47BqGRL3g,0.679,0.825,0.0309,-5.487,118.049,0.644
2022,41,Smokin out the Window,Bruno Mars ,3xVZYkcuWalGudeKl861wb,0.627,0.618,0.0437,-8.529,82.03,0.848
2022,42,Levitating,Dua Lipa,5nujrmhLynf4yMoMtj8AQF,0.702,0.825,0.0601,-3.787,102.977,0.915
2022,43,In a Minute,Lil Baby,31lopd32BkJBTSgYE16c5e,0.547,0.604,0.319,-5.99,78.502,0.149
2022,44,Moscow Mule,Bad Bunny,6Xom58OOXk2SoU711L2IXO,0.804,0.674,0.0333,-5.453,99.968,0.292
2022,45,You Right,Doja Cat,0k4d5YPDr1r7FX77VdqWez,0.828,0.621,0.0565,-6.414,128.986,0.436
2022,46,She Had Me at Heads Carolina,Cole Swindell,200x8ONbPfFzByUr3fVz46,0.607,0.912,0.0611,-3.449,134.944,0.722
2022,47,Vegas,Doja Cat,0hquQWY3xvYqN4qtiquniF,0.801,0.601,0.255,-7.574,159.969,0.74
2022,48,Pushin P,Gunna ,3XOalgusokruzA5ZBA2Qcb,0.773,0.422,0.187,-4.572,77.502,0.488
2022,49,Buy Dirt,Jordan Davis,69AIpwGNLxr4qS1X5ynx60,0.586,0.559,0.05,-6.725,177.945,0.437
2022,50,I Hate U,SZA,2aJnyNu4PQxQ2lyj5boiMG,0.533,0.417,0.148,-8.665,106.534,0.376
2022,51,Boyfriend,Dove Cameron,23eLvOQ3JxtdhRi9YyxRKQ,0.345,0.612,0.0608,-6.543,179.773,0.232
2022,52,Glimpse of Us,Joji,6xGruZOHLs39ZbVccQTuPZ,0.44,0.317,0.0531,-9.258,169.914,0.268
2022,53,Surface Pressure,Jessica Darrow,760jhRscwGbIIe1m1IIQpU,0.65,0.584,0.307,-8.286,180.088,0.37
2022,54,Fall in Love,Bailey Zimmerman,0rCFRyEy4WXjRXNpO80Dzs,0.524,0.643,0.0297,-6.055,135.962,0.397
2022,55,Love Nwantiti (Ah Ah Ah),CKay,2Xr1dTzJee307rmrkt8c0g,0.727,0.739,0.0411,-3.805,93.005,0.533
2022,56,Super Freaky Girl,Nicki Minaj,4C6Uex2ILwJi9sZXRdmqXp,0.95,0.891,0.241,-2.653,133.01,0.912
2022,57,Hrs and Hrs,Muni Long,3ncmoWTwJgx63LwMTyBCXf,0.523,0.521,0.159,-4.746,133.953,0.661
2022,58,Sand in My Boots,Morgan Wallen,0uRrG2jRR5tuifsYIJHEao,0.403,0.537,0.031,-6.628,69.877,0.414
2022,59,Mamiii,Becky G ,7FlQk2gJ6TBrHHiidvdR2O,0.836,0.703,0.0657,-3.554,94.048,0.902
2022,60,Knife Talk,Drake,2BcMwX1MPV6ZHP4tUT9uq6,0.849,0.424,0.324,-9.579,145.887,0.153
2022,61,AA,Walker Hayes,6aIrXGmaFqPafbYgxbMUsj,0.634,0.764,0.0297,-5.858,104.03,0.736
2022,62,Sweetest Pie,Megan Thee Stallion ,7mFj0LlWtEJaEigguaWqYh,0.814,0.628,0.221,-7.178,123.977,0.677
2022,63,Provenza,Karol G,3HqcNJdZ2seoGxhn0wVNDK,0.863,0.502,0.0496,-7.912,111.029,0.567
2022,64,Essence,Wizkid ,5FG7Tl93LdH117jEKYl3Cm,0.849,0.707,0.113,-6.002,104.027,0.602
2022,65,All I Want for Christmas Is You,Mariah Carey,0bYg9bo50gSsH3LtXe2SQn,0.336,0.627,0.0384,-7.463,150.273,0.35
2022,66,Bam Bam,Camila Cabello ,0QBzMgT7NIeoCYy3sJCof1,0.756,0.697,0.0401,-6.377,94.996,0.956
2022,67,5 Foot 9,Tyler Hubbard,0U4iRayct65wsaBMQGiLbg,0.605,0.79,0.0454,-5.576,105.997,0.507
2022,68,Get Into It (Yuh),Doja Cat,0W6I02J9xcqK8MtSeosEXb,0.912,0.655,0.162,-6.029,91.942,0.793
2022,69,Efecto,Bad Bunny,5Eax0qFko2dh7Rl2lYs3bx,0.801,0.475,0.0516,-8.797,98.047,0.234
2022,70,Rock and a Hard Place,Bailey Zimmerman,1TE8AAk9koG0UJco6ZAUfx,0.582,0.568,0.0275,-7.3,121.991,0.394
2022,71,Doin' This,Luke Combs,6TpyujRefwsflWFXbmjVpj,0.588,0.55,0.0269,-5.878,115.01,0.39
2022,72,Oh My God,Adele,3Kkjo3cT83cw09VJyrLNwX,0.534,0.725,0.046,-3.906,88.098,0.55
2022,73,Better Days,Neiked,6f5ExP43esnvdKPddwKXJH,0.717,0.671,0.0337,-5.077,110.054,0.699
2022,74,Meet Me at Our Spot,Willow ,07MDkzWARZaLEdKxo6yArG,0.773,0.47,0.0299,-7.93,94.995,0.399
2022,75,Fingers Crossed,Lauren Spencer-Smith,4wH7ZoqgETaACS9BlUkvuY,0.56,0.473,0.0533,-7.23,109.414,0.441
2022,76,All Too Well (Taylor's Version),Taylor Swift,5enxwA8aAbwZbf5qCHORXi,0.631,0.518,0.0303,-8.771,93.023,0.205
2022,77,Party,Bad Bunny ,4tYFy8ALRjIZvnvSLw5lxN,0.829,0.799,0.0897,-5.389,97.013,0.471
2022,78,Después de la Playa,Bad Bunny,1dm6z1fWB0cErMszU25dy2,0.564,0.903,0.307,-3.221,78.293,0.607
2022,79,You Should Probably Leave,Chris Stapleton,2UikqkwBv7aIvlixeVXHWt,0.602,0.477,0.032,-8.425,183.89,0.552
2022,80,Rockin' Around the Christmas Tree,Brenda Lee,2EjXfH91m7f8HiJN1yQg97,0.598,0.47,0.0496,-8.744,67.086,0.879
2022,81,Broadway Girls,Lil Durk ,7qTaDOcld0VmBWXnkbUj45,0.659,0.745,0.0347,-3.599,74.967,0.54
2022,82,Take My Name,Parmalee,7g0Zfd5J6Hzx9M2fRUMuba,0.559,0.66,0.0512,-4.143,163.957,0.574
2022,83,What Happened to Virgil,Lil Durk ,7ohROa13QK43JBRqfCmz4P,0.795,0.526,0.204,-9.086,140.037,0.194
2022,84,Puffin on Zootiez,Future,1qMMYpVatbRITKCfq1gasi,0.883,0.657,0.305,-5.748,124.992,0.284
2022,85,Like I Love Country Music,Kane Brown,3j1xkzTW8owIphkWV51V9s,0.542,0.82,0.0432,-6.073,124.85,0.702
2022,86,Jingle Bell Rock,Bobby Helms,7vQbuQcyTflfCIOu3Uzzya,0.754,0.424,0.0363,-8.463,119.705,0.806
2022,87,Ojitos Lindos,Bad Bunny ,3k3NWokhRRkEPhCzPmV8TW,0.647,0.686,0.0413,-5.745,79.928,0.268
2022,88,Trouble with a Heartbreak,Jason Aldean,0P9c1rdCeGAkCeS425KbI5,0.582,0.797,0.0334,-4.926,135.973,0.595
2022,89,A Holly Jolly Christmas,Burl Ives,77khP2fIVhSW23NwxrRluh,0.682,0.375,0.0303,-13.056,140.453,0.888
2022,90,Kiss Me More,Doja Cat,3DarAbFujv6eYNliUTyqtz,0.764,0.705,0.0284,-3.463,110.97,0.781
2022,91,She Likes It,Russell Dickerson ,4uJDDG8vXJ6fZHtTfrPfMX,0.79,0.325,0.127,-11.689,126.877,0.539
2022,92,Never Say Never,Cole Swindell ,3iYEsBl8NBq1o1j5uY2Noe,0.472,0.937,0.0567,-4.028,140.073,0.454
2022,93,Damn Strait,Scotty McCreery,4jp9FimhP2bQ93vR0A5r7b,0.523,0.64,0.0295,-6.15,144.022,0.48
2022,94,She's All I Wanna Be,Tate McRae,7l9IqDtVWJurTvkQHq1BGh,0.602,0.626,0.0396,-5.323,160.118,0.619
2022,95,Last Night Lonely,Jon Pardi,0k11c8vwyeNSGQex6UMa1v,0.652,0.813,0.0268,-2.842,102.987,0.851
2022,96,Flower Shops,Ernest ,0De9jFjJ4eRLl7Yww2eBw1,0.527,0.461,0.0269,-5.908,128.153,0.227
2022,97,To the Moon,Jnr Choi ,5vUnjhBzRJJIAOJPde6zDx,0.745,0.65,0.346,-11.814,144.047,0.386
2022,98,Unholy,Sam Smith,3nqQXoyQOWXiESFLlDF1hG,0.719,0.454,0.0707,-7.384,131.007,0.224
2022,99,One Mississippi,Kane Brown,4FdPnT2cFrpWCmWZd7GXc3,0.471,0.846,0.0389,-5.269,100.089,0.539
2022,100,Circles Around This Town,Maren Morris,13G5xv1wUKvJYbK0wYmioN,0.591,0.814,0.0468,-4.986,149.9,0.815
2023,1,Last Night,Morgan Wallen,7K3BhSpAxZBznislvUMVtn,0.492,0.673,0.0347,-5.431,203.812,0.488
2023,2,Flowers,Miley Cyrus,7DSAEUvxU8FajXtRloy8M0,0.706,0.691,0.0633,-4.775,118.048,0.632
2023,3,Kill Bill,SZA,1Qrg8KqiBpW07V7PNxwwwL,0.644,0.735,0.0391,-5.747,88.98,0.418
2023,4,Anti-Hero,Taylor Swift,0V3wPSX9ygBnCm8psDIegu,0.633,0.648,0.062,-6.645,96.888,0.49
2023,5,Creepin',Metro Boomin,2dHHgzDwk4BJdRwy9uXhTO,0.716,0.613,0.0522,-6.018,97.914,0.157
2023,6,Calm Down,Rema,0WtM2NBVQNNJLh6scP13H8,0.801,0.806,0.0381,-5.206,106.999,0.802
2023,7,Die for You,The Weeknd ,2LBqCSwhJGcFQeTHMVGwy3,0.586,0.525,0.0615,-7.163,133.629,0.508
2023,8,Fast Car,Luke Combs,1Lo0QY9cvc8sUB2vnIOxDT,0.712,0.603,0.0262,-5.52,97.994,0.67
2023,9,Snooze,SZA,4iZ4pt7kvcaH6Yo8UoZ4s2,0.559,0.551,0.132,-7.231,143.008,0.392
2023,10,I'm Good (Blue),David Guetta ,1LLmT2hZ415NaAz1cmZCBM,0.642,0.927,0.03,-4.207,128.074,0.407
2023,11,Unholy,Sam Smith,3nqQXoyQOWXiESFLlDF1hG,0.719,0.454,0.0707,-7.384,131.007,0.224
2023,12,You Proof,Morgan Wallen,5W4kiM2cUYBJXKRudNyxjW,0.728,0.818,0.0329,-5.068,119.706,0.681
2023,13,Something in the Orange,Zach Bryan,3WMj8moIAXJhHsyLaqIIHI,0.369,0.192,0.04,-12.151,175.212,0.148
2023,14,Rich Flex,Drake ,1bDbXMyjaUIooNwFE9wn0N,0.549,0.518,0.257,-9.39,160.07,0.418
2023,15,As It Was,Harry Styles,4Dvkj6JhhA12EX05fT7y2e,0.52,0.731,0.0557,-5.338,173.93,0.662
2023,16,Rock and a Hard Place,Bailey Zimmerman,1TE8AAk9koG0UJco6ZAUfx,0.582,0.568,0.0275,-7.3,121.991,0.394
2023,17,Under the Influence,Chris Brown,5IgjP7X4th6nMNDh4akUHb,0.755,0.562,0.0355,-8.947,116.931,0.368
2023,18,Cruel Summer,Taylor Swift,1BxfuPKGuaTgP7aM0Bbdwr,0.552,0.702,0.157,-5.707,169.994,0.564
2023,19,Thinkin' Bout Me,Morgan Wallen,0PAcdVzhPO4gq1Iym9ESnK,0.659,0.789,0.0293,-5.723,139.982,0.468
2023,20,Boy's a Liar Pt. 2,PinkPantheress ,6AQbmUe0Qwf5PZnt4HmTXv,0.696,0.809,0.05,-8.254,132.962,0.857
2023,21,Favorite Song,Toosii,1SRw5p2lVAi7RGlHEmZg66,0.813,0.381,0.0494,-9.339,116.028,0.434
2023,22,Thought You Should Know,Morgan Wallen,3Qu3Zh4WTKhP9GEXo0aDnb,0.537,0.701,0.0264,-6.214,139.995,0.552
2023,23,Thank God,Kane Brown ,1brnLTvarI9D1hLP6z2Ar8,0.738,0.455,0.0352,-8.735,99.945,0.441
2023,24,Sure Thing,Miguel,0JXXNGljqupsJaZsgSbMZV,0.684,0.607,0.1,-8.127,81.001,0.498
2023,25,All My Life,Lil Durk ,6HgWWaMu31KdOpEG5l28BG,0.787,0.57,0.225,-5.881,142.974,0.733
2023,26,Ella Baila Sola,Eslabon Armado ,3dnP0JxCgygwQH9Gm7q7nb,0.668,0.758,0.0332,-5.176,147.989,0.834
2023,27,Karma,Taylor Swift ,7KokYm8cMIXCsGVmUvKtqf,0.64,0.619,0.065,-7.108,90.008,0.121
2023,28,Just Wanna Rock,Lil Uzi Vert,4FyesJzVpA39hbYvcseO2d,0.486,0.545,0.0336,-7.924,150.187,0.0385
2023,29,Cuff It,Beyoncé,1xzi1Jcr7mEi9K2RfzLOqS,0.78,0.689,0.141,-5.668,115.042,0.642
2023,30,Vampire,Olivia Rodrigo,1kuGVB7EU95pJObxwvfwKS,0.484,0.53,0.0538,-5.821,136.848,0.323
2023,31,FukUMean,Gunna,4rXLjWdF2ZZpXCVTfWcshS,0.847,0.622,0.0903,-6.747,130.001,0.22
2023,32,Lavender Haze,Taylor Swift,5jQI2r1RdgtuT8S3iG8zFC,0.735,0.449,0.0883,-10.56,97.05,0.0955
2023,33,Players,Coi Leray,6UN73IYd0hZxLi8wFPMQij,0.948,0.512,0.146,-5.74,105.004,0.599
2023,34,Need a Favor,Jelly Roll,07on0OB2cdPt79IFsgdRUy,0.502,0.771,0.032,-4.246,157.978,0.557
2023,35,Dance the Night,Dua Lipa,1vYXt7VSjH9JIM5oRRo7vA,0.671,0.845,0.048,-4.93,110.056,0.775
2023,36,Love You Anyway,Luke Combs,2kYevr8cbIAH2ha8210Bnz,0.532,0.489,0.0311,-7.419,139.807,0.32
2023,37,One Thing at a Time,Morgan Wallen,1rXq0uoV4KTgRN64jXzIxo,0.613,0.923,0.0307,-5.187,141.982,0.893
2023,38,Superhero (Heroes & Villains),Metro Boomin,0vjeOZ3Ft5jvAi9SBFJm1j,0.709,0.583,0.204,-5.298,116.624,0.533
2023,39,Bad Habit,Steve Lacy,4k6Uh1HXdhtusDW5y8Gbvy,0.686,0.494,0.0355,-7.093,168.946,0.7
2023,40,La Bebé,Yng Lvcas ,2UW7JaomAMuX9pZrjVpHAU,0.812,0.479,0.333,-5.678,169.922,0.559
2023,41,Golden Hour,Jvke,5odlY52u43F5BjByhxg7wg,0.515,0.593,0.0322,-4.801,94.467,0.153
2023,42,Religiously,Bailey Zimmerman,0bILU0UiNDmA5Ff6whhb2R,0.57,0.67,0.0274,-6.519,140.924,0.593
2023,43,Spin Bout U,Drake ,2ZL7WZcjuYKi1KUDtp4kCC,0.763,0.72,0.0447,-6.383,129.971,0.229
2023,44,Cupid,Fifty Fifty,3yphjkz7V5xFXdfBEXVKL6,0.792,0.664,0.0333,-5.598,120.041,0.666
2023,45,Search & Rescue,Drake,7aRCf5cLOFN1U7kvtChY1G,0.828,0.441,0.0685,-8.562,140.009,0.533
2023,46,Barbie World,Nicki Minaj ,741UUVE2kuITl0c6zuqqbO,0.77,0.58,0.247,-8.393,144.072,0.753
2023,47,Next Thing You Know,Jordan Davis,39OclE5hZematADrdfaWvE,0.549,0.608,0.0481,-8.253,78.534,0.399
2023,48,Escapism,Raye,5mHdCZtVyb4DcJw8799hZp,0.538,0.742,0.114,-5.355,96.107,0.25
2023,49,Un x100to,Grupo Frontera ,6pD0ufEQq0xdHSsRbg9LBK,0.569,0.724,0.0474,-4.076,83.118,0.562
2023,50,Until I Found You,Stephen Sanchez,1Y3LN4zO1Edc2EluIoSPJN,0.551,0.55,0.0286,-5.339,101.19,0.342
2023,51,Shirt,SZA,2wSTnntOPRi7aQneobFtU4,0.848,0.512,0.102,-7.72,120.009,0.572
2023,52,Paint the Town Red,Doja Cat,2IGMVunIBsBLtEQyoI1Mu7,0.868,0.538,0.174,-8.603,99.968,0.732
2023,53,Made You Look,Meghan Trainor,0QHEIqNKsMoOY5urbzN48u,0.834,0.522,0.0703,-3.574,145.035,0.854
2023,54,Wait in the Truck,Hardy ,49GYvCcvMQq1SY3f7Y347h,0.534,0.466,0.0272,-6.98,140,0.23
2023,55,All I Want for Christmas Is You,Mariah Carey,0bYg9bo50gSsH3LtXe2SQn,0.336,0.627,0.0384,-7.463,150.273,0.35
2023,56,Everything I Love,Morgan Wallen,03fs6oV5JAlbytRYf3371S,0.567,0.841,0.0263,-3.933,103.982,0.712
2023,57,Chemical,Post Malone,5w40ZYhbBMAlHYNDaVJIUu,0.49,0.88,0.0435,-4.856,169.949,0.392
2023,58,Heart Like a Truck,Lainey Wilson,5DIBVDJOHh7djepAjKHWCO,0.587,0.632,0.0311,-5.416,139.974,0.392
2023,59,"Going, Going, Gone",Luke Combs,67AdiJcurlf6gocGobfaXs,0.565,0.56,0.0275,-6.034,159.931,0.325
2023,60,Rockin' Around the Christmas Tree,Brenda Lee,2EjXfH91m7f8HiJN1yQg97,0.598,0.47,0.0496,-8.744,67.086,0.879
2023,61,Dancin' in the Country,Tyler Hubbard,2KtGiBi5CrX2ERPD2PAS34,0.657,0.871,0.0675,-4.614,114.974,0.532
2023,62,Daylight,David Kushner,1odExI7RdWc4BT515LTAwj,0.508,0.43,0.0335,-9.475,130.09,0.324
2023,63,Lift Me Up,Rihanna,35ovElsgyAtQwYPYnZJECg,0.247,0.299,0.0315,-6.083,177.115,0.172
2023,64,Eyes Closed,Ed Sheeran,3p7XQpdt8Dr6oMXSvRZ9bg,0.777,0.526,0.0645,-6.221,107.071,0.389
2023,65,TQG,Shakira,0DWdj2oZMBFSzRsi2Cvfzf,0.587,0.647,0.327,-3.385,90.123,0.686
2023,66,Try That in a Small Town,Jason Aldean,5BqI4ugJL5WaPRQ6MlC8Ho,0.457,0.861,0.0529,-3.771,145.989,0.376
2023,67,Tennessee Orange,Megan Moroney,6DLbBlGIOjjEj0dNN25zhZ,0.38,0.488,0.029,-6.637,156.031,0.268
2023,68,Jingle Bell Rock,Bobby Helms,7vQbuQcyTflfCIOu3Uzzya,0.754,0.424,0.0363,-8.463,119.705,0.806
2023,69,Princess Diana,Ice Spice ,0ZxhtATQ0a6EvQNZ0z6NKV,0.898,0.689,0.171,-5.092,147.964,0.772
2023,70,Tomorrow 2,Cardi B,5OYrDGvPMW8GZCpU4YGeNv,0.66,0.783,0.0955,-7.221,130.124,0.388
2023,71,A Holly Jolly Christmas,Burl Ives,77khP2fIVhSW23NwxrRluh,0.682,0.375,0.0303,-13.056,140.453,0.888
2023,72,Where She Goes,Bad Bunny,7ro0hRteUMfnOioTFI5TG1,0.652,0.8,0.0614,-4.019,143.978,0.234
2023,73,Bebe Dame,Fuerza Regida ,0IKeDy5bT9G0bA7ZixRT4A,0.529,0.602,0.0458,-4.629,157.643,0.756
2023,74,I Remember Everything,Zach Bryan ,4KULAymBBJcPRpk1yO4dOG,0.429,0.453,0.0459,-7.746,77.639,0.155
2023,75,I Like You (A Happier Song),Post Malone ,0O6u0VJ46W86TxN9wgyqDj,0.733,0.67,0.0751,-6.009,100.964,0.472
2023,76,What It Is (Block Boy),Doechii ,1O8zCu3dLLPxkbGfIsbRgE,0.725,0.744,0.153,-5.827,171.834,0.701
2023,77,Nobody Gets Me,SZA,5Y35SjAfXjjG0sFQ3KOxmm,0.358,0.284,0.0285,-8.285,99.796,0.276
2023,78,Rich Men North of Richmond,Oliver Anthony Music,78Du4CMFgnhdlG33gblkiP,0.678,0.264,0.0622,-12.384,121.722,0.528
2023,79,Super Freaky Girl,Nicki Minaj,4C6Uex2ILwJi9sZXRdmqXp,0.95,0.891,0.241,-2.653,133.01,0.912
2023,80,Dial Drunk,Noah Kahan ,22VHOlVYBqytsrAqV8yXBK,0.669,0.606,0.0292,-7.193,112.108,0.69
2023,81,What Was I Made For?,Billie Eilish,6wf7Yu7cxBSPrRlWeSeK0Q,0.391,0.084,0.0317,-17.843,79.449,0.111
2023,82,Seven,Jungkook ,7x9aauaA9cu6tyfpHnqDLo,0.788,0.841,0.0432,-3.955,124.986,0.904
2023,83,Wait for U,Future ,59nOXPmaKlBfGMDeOVGrIK,0.463,0.642,0.34,-4.474,83.389,0.339
2023,84,Last Christmas,Wham!,2FRnf9qhLbvw8fu4IBXx78,0.735,0.478,0.0293,-12.472,107.682,0.947
2023,85,Handle on You,Parker McCollum,4reXo2zg1uhEIpUAacDb9C,0.591,0.928,0.0316,-3.925,105.025,0.619
2023,86,Por Las Noches,Peso Pluma,6YWME4xCa5Lm6X1exVMQIC,0.69,0.597,0.0395,-7.494,185.084,0.453
2023,87,Memory Lane,Old Dominion,1nrgBXtczBXNSlqIezjwbR,0.647,0.774,0.0362,-5.136,118.968,0.376
2023,88,Area Codes,Kaliii,7sliFe6W30tPBPh6dvZsIH,0.823,0.388,0.491,-10.867,154.569,0.507
2023,89,Bury Me in Georgia,Kane Brown,4EKH0ajMHXTkq4ztWuztVH,0.376,0.835,0.0655,-5.824,160.069,0.511
2023,90,PRC,Peso Pluma ,2mpoNBkngUEwnaKoBhZ0vl,0.784,0.826,0.0538,-6.34,138.078,0.893
2023,91,What My World Spins Around,Jordan Davis,6vjZxvzdAeHp7jv3R398Xm,0.686,0.733,0.0401,-6.483,124.882,0.7
2023,92,Ain't That Some,Morgan Wallen,2YVlDlk2zRceefo6XlC6DX,0.64,0.811,0.0279,-5.834,121.089,0.686
2023,93,Wild as Her,Corey Kent,3kXH9BQq0TyNliiP1MIE6N,0.5,0.748,0.0364,-5.927,148.009,0.448
2023,94,Peaches & Eggplants,Young Nudy ,1KUZ33cOqk3X4Ezk0aZnVp,0.911,0.536,0.282,-7.884,146.014,0.584
2023,95,I Wrote the Book,Morgan Wallen,7phmBo7bB9I9YifAXqnlqV,0.686,0.833,0.0381,-3.768,143.965,0.833
2023,96,"Bzrp Music Sessions, Vol. 53",Bizarrap,4nrPB8O7Y7wsOCJdgXkthe,0.842,0.745,0.0399,-4.231,122.06,0.53
2023,97,Meltdown,Travis Scott ,67nepsnrcZkowTxMWigSbb,0.557,0.774,0.351,-5.275,111.975,0.397
2023,98,Put It on da Floor Again,Latto,6c6WmIHcHlhccEwSFBhzNa,0.849,0.614,0.317,-7.323,111.363,0.472
2023,99,Bloody Mary,Lady Gaga,11BKm0j4eYoCPPpCONAVwA,0.591,0.634,0.0291,-6.365,99.998,0.44
2023,100,Watermelon Moonshine,Lainey Wilson,3sYBFUXTv0STUoUINx9Qe8,0.739,0.413,0.0282,-6.709,139.921,0.649